patient,sex,status,sample,lane,fastq_1,fastq_2
DBVPG_5227,NA,0,DBVPG_5227,L003,/bigdata/stajichlab/shared/projects/Rhodotorula/PopGen/Rhodotorula_mucilaginosa_DH4148_ref/input/ISQ0033050_S25_R1_001.fastq.gz,/bigdata/stajichlab/shared/projects/Rhodotorula/PopGen/Rhodotorula_mucilaginosa_DH4148_ref/input/ISQ0033050_S25_R2_001.fastq.gz
DBVPG_5227,NA,0,DBVPG_5227,L004,/bigdata/stajichlab/shared/projects/Rhodotorula/PopGen/Rhodotorula_mucilaginosa_DH4148_ref/input/SRR5223778_1.fastq.gz,/bigdata/stajichlab/shared/projects/Rhodotorula/PopGen/Rhodotorula_mucilaginosa_DH4148_ref/input/SRR5223778_2.fastq.gz
CHIFNET_12H1194,NA,0,CHIFNET_12H1194,L001,/bigdata/stajichlab/shared/projects/Rhodotorula/PopGen/Rhodotorula_mucilaginosa_DH4148_ref/input/SRR24222679_1.fastq.gz,/bigdata/stajichlab/shared/projects/Rhodotorula/PopGen/Rhodotorula_mucilaginosa_DH4148_ref/input/SRR24222679_2.fastq.gz
CHIFNET_14NJ214,NA,0,CHIFNET_14NJ214,L001,/bigdata/stajichlab/shared/projects/Rhodotorula/PopGen/Rhodotorula_mucilaginosa_DH4148_ref/input/SRR24222648_1.fastq.gz,/bigdata/stajichlab/shared/projects/Rhodotorula/PopGen/Rhodotorula_mucilaginosa_DH4148_ref/input/SRR24222648_2.fastq.gz
DBVPG_10619,NA,0,DBVPG_10619,L001,/bigdata/stajichlab/shared/projects/Rhodotorula/PopGen/Rhodotorula_mucilaginosa_DH4148_ref/input/23263Sta_DBVPG10619_S139_L001_R1_001.fastq.gz,/bigdata/stajichlab/shared/projects/Rhodotorula/PopGen/Rhodotorula_mucilaginosa_DH4148_ref/input/23263Sta_DBVPG10619_S139_L001_R2_001.fastq.gz
DBVPG_10619,NA,0,DBVPG_10619,L002,/bigdata/stajichlab/shared/projects/Rhodotorula/PopGen/Rhodotorula_mucilaginosa_DH4148_ref/input/23263Sta_DBVPG10619_S139_L002_R1_001.fastq.gz,/bigdata/stajichlab/shared/projects/Rhodotorula/PopGen/Rhodotorula_mucilaginosa_DH4148_ref/input/23263Sta_DBVPG10619_S139_L002_R2_001.fastq.gz
DBVPG_10656,NA,0,DBVPG_10656,L001,/bigdata/stajichlab/shared/projects/Rhodotorula/PopGen/Rhodotorula_mucilaginosa_DH4148_ref/input/23263Sta_DBVPG10656_S140_L001_R1_001.fastq.gz,/bigdata/stajichlab/shared/projects/Rhodotorula/PopGen/Rhodotorula_mucilaginosa_DH4148_ref/input/23263Sta_DBVPG10656_S140_L001_R2_001.fastq.gz
DBVPG_10656,NA,0,DBVPG_10656,L002,/bigdata/stajichlab/shared/projects/Rhodotorula/PopGen/Rhodotorula_mucilaginosa_DH4148_ref/input/23263Sta_DBVPG10656_S140_L002_R1_001.fastq.gz,/bigdata/stajichlab/shared/projects/Rhodotorula/PopGen/Rhodotorula_mucilaginosa_DH4148_ref/input/23263Sta_DBVPG10656_S140_L002_R2_001.fastq.gz
DBVPG_10780,NA,0,DBVPG_10780,L001,/bigdata/stajichlab/shared/projects/Rhodotorula/PopGen/Rhodotorula_mucilaginosa_DH4148_ref/input/23263Sta_DBVPG10780_S142_L001_R1_001.fastq.gz,/bigdata/stajichlab/shared/projects/Rhodotorula/PopGen/Rhodotorula_mucilaginosa_DH4148_ref/input/23263Sta_DBVPG10780_S142_L001_R2_001.fastq.gz
DBVPG_10780,NA,0,DBVPG_10780,L002,/bigdata/stajichlab/shared/projects/Rhodotorula/PopGen/Rhodotorula_mucilaginosa_DH4148_ref/input/23263Sta_DBVPG10780_S142_L002_R1_001.fastq.gz,/bigdata/stajichlab/shared/projects/Rhodotorula/PopGen/Rhodotorula_mucilaginosa_DH4148_ref/input/23263Sta_DBVPG10780_S142_L002_R2_001.fastq.gz
DBVPG_10842,NA,0,DBVPG_10842,L001,/bigdata/stajichlab/shared/projects/Rhodotorula/PopGen/Rhodotorula_mucilaginosa_DH4148_ref/input/23263Sta_DBVPG10842_S143_L001_R1_001.fastq.gz,/bigdata/stajichlab/shared/projects/Rhodotorula/PopGen/Rhodotorula_mucilaginosa_DH4148_ref/input/23263Sta_DBVPG10842_S143_L001_R2_001.fastq.gz
DBVPG_10842,NA,0,DBVPG_10842,L002,/bigdata/stajichlab/shared/projects/Rhodotorula/PopGen/Rhodotorula_mucilaginosa_DH4148_ref/input/23263Sta_DBVPG10842_S143_L002_R1_001.fastq.gz,/bigdata/stajichlab/shared/projects/Rhodotorula/PopGen/Rhodotorula_mucilaginosa_DH4148_ref/input/23263Sta_DBVPG10842_S143_L002_R2_001.fastq.gz
DBVPG_10882,NA,0,DBVPG_10882,L001,/bigdata/stajichlab/shared/projects/Rhodotorula/PopGen/Rhodotorula_mucilaginosa_DH4148_ref/input/23263Sta_DBVPG10882_S144_L001_R1_001.fastq.gz,/bigdata/stajichlab/shared/projects/Rhodotorula/PopGen/Rhodotorula_mucilaginosa_DH4148_ref/input/23263Sta_DBVPG10882_S144_L001_R2_001.fastq.gz
DBVPG_10882,NA,0,DBVPG_10882,L002,/bigdata/stajichlab/shared/projects/Rhodotorula/PopGen/Rhodotorula_mucilaginosa_DH4148_ref/input/23263Sta_DBVPG10882_S144_L002_R1_001.fastq.gz,/bigdata/stajichlab/shared/projects/Rhodotorula/PopGen/Rhodotorula_mucilaginosa_DH4148_ref/input/23263Sta_DBVPG10882_S144_L002_R2_001.fastq.gz
DBVPG_10886,NA,0,DBVPG_10886,L001,/bigdata/stajichlab/shared/projects/Rhodotorula/PopGen/Rhodotorula_mucilaginosa_DH4148_ref/input/23263Sta_DBVPG10886_S145_L001_R1_001.fastq.gz,/bigdata/stajichlab/shared/projects/Rhodotorula/PopGen/Rhodotorula_mucilaginosa_DH4148_ref/input/23263Sta_DBVPG10886_S145_L001_R2_001.fastq.gz
DBVPG_10886,NA,0,DBVPG_10886,L002,/bigdata/stajichlab/shared/projects/Rhodotorula/PopGen/Rhodotorula_mucilaginosa_DH4148_ref/input/23263Sta_DBVPG10886_S145_L002_R1_001.fastq.gz,/bigdata/stajichlab/shared/projects/Rhodotorula/PopGen/Rhodotorula_mucilaginosa_DH4148_ref/input/23263Sta_DBVPG10886_S145_L002_R2_001.fastq.gz
DBVPG_10937,NA,0,DBVPG_10937,L001,/bigdata/stajichlab/shared/projects/Rhodotorula/PopGen/Rhodotorula_mucilaginosa_DH4148_ref/input/23263Sta_DBVPG10937_S146_L001_R1_001.fastq.gz,/bigdata/stajichlab/shared/projects/Rhodotorula/PopGen/Rhodotorula_mucilaginosa_DH4148_ref/input/23263Sta_DBVPG10937_S146_L001_R2_001.fastq.gz
DBVPG_10937,NA,0,DBVPG_10937,L002,/bigdata/stajichlab/shared/projects/Rhodotorula/PopGen/Rhodotorula_mucilaginosa_DH4148_ref/input/23263Sta_DBVPG10937_S146_L002_R1_001.fastq.gz,/bigdata/stajichlab/shared/projects/Rhodotorula/PopGen/Rhodotorula_mucilaginosa_DH4148_ref/input/23263Sta_DBVPG10937_S146_L002_R2_001.fastq.gz
DBVPG_3044,NA,0,DBVPG_3044,L001,/bigdata/stajichlab/shared/projects/Rhodotorula/PopGen/Rhodotorula_mucilaginosa_DH4148_ref/input/23263Sta_DBVPG3044_S96_L001_R1_001.fastq.gz,/bigdata/stajichlab/shared/projects/Rhodotorula/PopGen/Rhodotorula_mucilaginosa_DH4148_ref/input/23263Sta_DBVPG3044_S96_L001_R2_001.fastq.gz
DBVPG_3044,NA,0,DBVPG_3044,L002,/bigdata/stajichlab/shared/projects/Rhodotorula/PopGen/Rhodotorula_mucilaginosa_DH4148_ref/input/23263Sta_DBVPG3044_S96_L002_R1_001.fastq.gz,/bigdata/stajichlab/shared/projects/Rhodotorula/PopGen/Rhodotorula_mucilaginosa_DH4148_ref/input/23263Sta_DBVPG3044_S96_L002_R2_001.fastq.gz
DBVPG_3045,NA,0,DBVPG_3045,L001,/bigdata/stajichlab/shared/projects/Rhodotorula/PopGen/Rhodotorula_mucilaginosa_DH4148_ref/input/DBVPG_3045_S2_L001_R1_001.fastq.gz,/bigdata/stajichlab/shared/projects/Rhodotorula/PopGen/Rhodotorula_mucilaginosa_DH4148_ref/input/DBVPG_3045_S2_L001_R2_001.fastq.gz
DBVPG_3045,NA,0,DBVPG_3045,L002,/bigdata/stajichlab/shared/projects/Rhodotorula/PopGen/Rhodotorula_mucilaginosa_DH4148_ref/input/23263Sta_DBVPG3045_S152_L001_R1_001.fastq.gz,/bigdata/stajichlab/shared/projects/Rhodotorula/PopGen/Rhodotorula_mucilaginosa_DH4148_ref/input/23263Sta_DBVPG3045_S152_L001_R2_001.fastq.gz
DBVPG_3045,NA,0,DBVPG_3045,L003,/bigdata/stajichlab/shared/projects/Rhodotorula/PopGen/Rhodotorula_mucilaginosa_DH4148_ref/input/23263Sta_DBVPG3045_S152_L002_R1_001.fastq.gz,/bigdata/stajichlab/shared/projects/Rhodotorula/PopGen/Rhodotorula_mucilaginosa_DH4148_ref/input/23263Sta_DBVPG3045_S152_L002_R2_001.fastq.gz
DBVPG_3090,NA,0,DBVPG_3090,L001,/bigdata/stajichlab/shared/projects/Rhodotorula/PopGen/Rhodotorula_mucilaginosa_DH4148_ref/input/DBVPG_3090_S3_L001_R1_001.fastq.gz,/bigdata/stajichlab/shared/projects/Rhodotorula/PopGen/Rhodotorula_mucilaginosa_DH4148_ref/input/DBVPG_3090_S3_L001_R2_001.fastq.gz
DBVPG_3235,NA,0,DBVPG_3235,L001,/bigdata/stajichlab/shared/projects/Rhodotorula/PopGen/Rhodotorula_mucilaginosa_DH4148_ref/input/DBVPG_3235_S4_L001_R1_001.fastq.gz,/bigdata/stajichlab/shared/projects/Rhodotorula/PopGen/Rhodotorula_mucilaginosa_DH4148_ref/input/DBVPG_3235_S4_L001_R2_001.fastq.gz
DBVPG_3236,NA,0,DBVPG_3236,L001,/bigdata/stajichlab/shared/projects/Rhodotorula/PopGen/Rhodotorula_mucilaginosa_DH4148_ref/input/DBVPG_3236_S5_L001_R1_001.fastq.gz,/bigdata/stajichlab/shared/projects/Rhodotorula/PopGen/Rhodotorula_mucilaginosa_DH4148_ref/input/DBVPG_3236_S5_L001_R2_001.fastq.gz
DBVPG_3236,NA,0,DBVPG_3236,L002,/bigdata/stajichlab/shared/projects/Rhodotorula/PopGen/Rhodotorula_mucilaginosa_DH4148_ref/input/23263Sta_DBVPG3236_S151_L001_R1_001.fastq.gz,/bigdata/stajichlab/shared/projects/Rhodotorula/PopGen/Rhodotorula_mucilaginosa_DH4148_ref/input/23263Sta_DBVPG3236_S151_L001_R2_001.fastq.gz
DBVPG_3236,NA,0,DBVPG_3236,L003,/bigdata/stajichlab/shared/projects/Rhodotorula/PopGen/Rhodotorula_mucilaginosa_DH4148_ref/input/23263Sta_DBVPG3236_S151_L002_R1_001.fastq.gz,/bigdata/stajichlab/shared/projects/Rhodotorula/PopGen/Rhodotorula_mucilaginosa_DH4148_ref/input/23263Sta_DBVPG3236_S151_L002_R2_001.fastq.gz
DBVPG_3237,NA,0,DBVPG_3237,L001,/bigdata/stajichlab/shared/projects/Rhodotorula/PopGen/Rhodotorula_mucilaginosa_DH4148_ref/input/DBVPG_3237_S6_L001_R1_001.fastq.gz,/bigdata/stajichlab/shared/projects/Rhodotorula/PopGen/Rhodotorula_mucilaginosa_DH4148_ref/input/DBVPG_3237_S6_L001_R2_001.fastq.gz
DBVPG_3238,NA,0,DBVPG_3238,L001,/bigdata/stajichlab/shared/projects/Rhodotorula/PopGen/Rhodotorula_mucilaginosa_DH4148_ref/input/DBVPG_3238_S7_L001_R1_001.fastq.gz,/bigdata/stajichlab/shared/projects/Rhodotorula/PopGen/Rhodotorula_mucilaginosa_DH4148_ref/input/DBVPG_3238_S7_L001_R2_001.fastq.gz
DBVPG_3239,NA,0,DBVPG_3239,L001,/bigdata/stajichlab/shared/projects/Rhodotorula/PopGen/Rhodotorula_mucilaginosa_DH4148_ref/input/DBVPG_3239_S8_L001_R1_001.fastq.gz,/bigdata/stajichlab/shared/projects/Rhodotorula/PopGen/Rhodotorula_mucilaginosa_DH4148_ref/input/DBVPG_3239_S8_L001_R2_001.fastq.gz
DBVPG_3239,NA,0,DBVPG_3239,L002,/bigdata/stajichlab/shared/projects/Rhodotorula/PopGen/Rhodotorula_mucilaginosa_DH4148_ref/input/9003_003_S31_R1_001.fastq.gz,/bigdata/stajichlab/shared/projects/Rhodotorula/PopGen/Rhodotorula_mucilaginosa_DH4148_ref/input/9003_003_S31_R2_001.fastq.gz
DBVPG_3381,NA,0,DBVPG_3381,L001,/bigdata/stajichlab/shared/projects/Rhodotorula/PopGen/Rhodotorula_mucilaginosa_DH4148_ref/input/DBVPG_3381_S10_L001_R1_001.fastq.gz,/bigdata/stajichlab/shared/projects/Rhodotorula/PopGen/Rhodotorula_mucilaginosa_DH4148_ref/input/DBVPG_3381_S10_L001_R2_001.fastq.gz
DBVPG_3382,NA,0,DBVPG_3382,L001,/bigdata/stajichlab/shared/projects/Rhodotorula/PopGen/Rhodotorula_mucilaginosa_DH4148_ref/input/DBVPG_3382_S11_L001_R1_001.fastq.gz,/bigdata/stajichlab/shared/projects/Rhodotorula/PopGen/Rhodotorula_mucilaginosa_DH4148_ref/input/DBVPG_3382_S11_L001_R2_001.fastq.gz
DBVPG_3383,NA,0,DBVPG_3383,L001,/bigdata/stajichlab/shared/projects/Rhodotorula/PopGen/Rhodotorula_mucilaginosa_DH4148_ref/input/DBVPG_3383_S12_L001_R1_001.fastq.gz,/bigdata/stajichlab/shared/projects/Rhodotorula/PopGen/Rhodotorula_mucilaginosa_DH4148_ref/input/DBVPG_3383_S12_L001_R2_001.fastq.gz
DBVPG_3384,NA,0,DBVPG_3384,L001,/bigdata/stajichlab/shared/projects/Rhodotorula/PopGen/Rhodotorula_mucilaginosa_DH4148_ref/input/DBVPG_3384_S13_L001_R1_001.fastq.gz,/bigdata/stajichlab/shared/projects/Rhodotorula/PopGen/Rhodotorula_mucilaginosa_DH4148_ref/input/DBVPG_3384_S13_L001_R2_001.fastq.gz
DBVPG_3442,NA,0,DBVPG_3442,L001,/bigdata/stajichlab/shared/projects/Rhodotorula/PopGen/Rhodotorula_mucilaginosa_DH4148_ref/input/DBVPG_3442_S14_L001_R1_001.fastq.gz,/bigdata/stajichlab/shared/projects/Rhodotorula/PopGen/Rhodotorula_mucilaginosa_DH4148_ref/input/DBVPG_3442_S14_L001_R2_001.fastq.gz
DBVPG_3443,NA,0,DBVPG_3443,L001,/bigdata/stajichlab/shared/projects/Rhodotorula/PopGen/Rhodotorula_mucilaginosa_DH4148_ref/input/DBVPG_3443_S15_L001_R1_001.fastq.gz,/bigdata/stajichlab/shared/projects/Rhodotorula/PopGen/Rhodotorula_mucilaginosa_DH4148_ref/input/DBVPG_3443_S15_L001_R2_001.fastq.gz
DBVPG_3444,NA,0,DBVPG_3444,L001,/bigdata/stajichlab/shared/projects/Rhodotorula/PopGen/Rhodotorula_mucilaginosa_DH4148_ref/input/DBVPG_3444_S16_L001_R1_001.fastq.gz,/bigdata/stajichlab/shared/projects/Rhodotorula/PopGen/Rhodotorula_mucilaginosa_DH4148_ref/input/DBVPG_3444_S16_L001_R2_001.fastq.gz
DBVPG_3445,NA,0,DBVPG_3445,L001,/bigdata/stajichlab/shared/projects/Rhodotorula/PopGen/Rhodotorula_mucilaginosa_DH4148_ref/input/DBVPG_3445_S17_L001_R1_001.fastq.gz,/bigdata/stajichlab/shared/projects/Rhodotorula/PopGen/Rhodotorula_mucilaginosa_DH4148_ref/input/DBVPG_3445_S17_L001_R2_001.fastq.gz
DBVPG_3446,NA,0,DBVPG_3446,L001,/bigdata/stajichlab/shared/projects/Rhodotorula/PopGen/Rhodotorula_mucilaginosa_DH4148_ref/input/DBVPG_3446_S18_L001_R1_001.fastq.gz,/bigdata/stajichlab/shared/projects/Rhodotorula/PopGen/Rhodotorula_mucilaginosa_DH4148_ref/input/DBVPG_3446_S18_L001_R2_001.fastq.gz
DBVPG_3446,NA,0,DBVPG_3446,L002,/bigdata/stajichlab/shared/projects/Rhodotorula/PopGen/Rhodotorula_mucilaginosa_DH4148_ref/input/9003_006_S34_R1_001.fastq.gz,/bigdata/stajichlab/shared/projects/Rhodotorula/PopGen/Rhodotorula_mucilaginosa_DH4148_ref/input/9003_006_S34_R2_001.fastq.gz
DBVPG_3538,NA,0,DBVPG_3538,L001,/bigdata/stajichlab/shared/projects/Rhodotorula/PopGen/Rhodotorula_mucilaginosa_DH4148_ref/input/DBVPG_3538_S19_L001_R1_001.fastq.gz,/bigdata/stajichlab/shared/projects/Rhodotorula/PopGen/Rhodotorula_mucilaginosa_DH4148_ref/input/DBVPG_3538_S19_L001_R2_001.fastq.gz
DBVPG_3774,NA,0,DBVPG_3774,L001,/bigdata/stajichlab/shared/projects/Rhodotorula/PopGen/Rhodotorula_mucilaginosa_DH4148_ref/input/DBVPG_3774_S24_L001_R1_001.fastq.gz,/bigdata/stajichlab/shared/projects/Rhodotorula/PopGen/Rhodotorula_mucilaginosa_DH4148_ref/input/DBVPG_3774_S24_L001_R2_001.fastq.gz
DBVPG_3775,NA,0,DBVPG_3775,L001,/bigdata/stajichlab/shared/projects/Rhodotorula/PopGen/Rhodotorula_mucilaginosa_DH4148_ref/input/ISQ0044641_S126_R1_001.fastq.gz,/bigdata/stajichlab/shared/projects/Rhodotorula/PopGen/Rhodotorula_mucilaginosa_DH4148_ref/input/ISQ0044641_S126_R2_001.fastq.gz
DBVPG_3775,NA,0,DBVPG_3775,L002,/bigdata/stajichlab/shared/projects/Rhodotorula/PopGen/Rhodotorula_mucilaginosa_DH4148_ref/input/DBVPG_3775_S25_L001_R1_001.fastq.gz,/bigdata/stajichlab/shared/projects/Rhodotorula/PopGen/Rhodotorula_mucilaginosa_DH4148_ref/input/DBVPG_3775_S25_L001_R2_001.fastq.gz
DBVPG_3776,NA,0,DBVPG_3776,L001,/bigdata/stajichlab/shared/projects/Rhodotorula/PopGen/Rhodotorula_mucilaginosa_DH4148_ref/input/DBVPG_3776_S26_L001_R1_001.fastq.gz,/bigdata/stajichlab/shared/projects/Rhodotorula/PopGen/Rhodotorula_mucilaginosa_DH4148_ref/input/DBVPG_3776_S26_L001_R2_001.fastq.gz
DBVPG_3777,NA,0,DBVPG_3777,L001,/bigdata/stajichlab/shared/projects/Rhodotorula/PopGen/Rhodotorula_mucilaginosa_DH4148_ref/input/DBVPG_3777_S27_L001_R1_001.fastq.gz,/bigdata/stajichlab/shared/projects/Rhodotorula/PopGen/Rhodotorula_mucilaginosa_DH4148_ref/input/DBVPG_3777_S27_L001_R2_001.fastq.gz
DBVPG_3778,NA,0,DBVPG_3778,L001,/bigdata/stajichlab/shared/projects/Rhodotorula/PopGen/Rhodotorula_mucilaginosa_DH4148_ref/input/DBVPG_3778_S28_L001_R1_001.fastq.gz,/bigdata/stajichlab/shared/projects/Rhodotorula/PopGen/Rhodotorula_mucilaginosa_DH4148_ref/input/DBVPG_3778_S28_L001_R2_001.fastq.gz
DBVPG_3780,NA,0,DBVPG_3780,L001,/bigdata/stajichlab/shared/projects/Rhodotorula/PopGen/Rhodotorula_mucilaginosa_DH4148_ref/input/DBVPG_3780_S29_L001_R1_001.fastq.gz,/bigdata/stajichlab/shared/projects/Rhodotorula/PopGen/Rhodotorula_mucilaginosa_DH4148_ref/input/DBVPG_3780_S29_L001_R2_001.fastq.gz
DBVPG_3780,NA,0,DBVPG_3780,L002,/bigdata/stajichlab/shared/projects/Rhodotorula/PopGen/Rhodotorula_mucilaginosa_DH4148_ref/input/23263Sta_DBVPG3780_S153_L001_R1_001.fastq.gz,/bigdata/stajichlab/shared/projects/Rhodotorula/PopGen/Rhodotorula_mucilaginosa_DH4148_ref/input/23263Sta_DBVPG3780_S153_L001_R2_001.fastq.gz
DBVPG_3780,NA,0,DBVPG_3780,L003,/bigdata/stajichlab/shared/projects/Rhodotorula/PopGen/Rhodotorula_mucilaginosa_DH4148_ref/input/23263Sta_DBVPG3780_S153_L002_R1_001.fastq.gz,/bigdata/stajichlab/shared/projects/Rhodotorula/PopGen/Rhodotorula_mucilaginosa_DH4148_ref/input/23263Sta_DBVPG3780_S153_L002_R2_001.fastq.gz
DBVPG_3854,NA,0,DBVPG_3854,L001,/bigdata/stajichlab/shared/projects/Rhodotorula/PopGen/Rhodotorula_mucilaginosa_DH4148_ref/input/DBVPG_3854_S31_L001_R1_001.fastq.gz,/bigdata/stajichlab/shared/projects/Rhodotorula/PopGen/Rhodotorula_mucilaginosa_DH4148_ref/input/DBVPG_3854_S31_L001_R2_001.fastq.gz
DBVPG_3855,NA,0,DBVPG_3855,L001,/bigdata/stajichlab/shared/projects/Rhodotorula/PopGen/Rhodotorula_mucilaginosa_DH4148_ref/input/ISQ0044643_S162_R1_001.fastq.gz,/bigdata/stajichlab/shared/projects/Rhodotorula/PopGen/Rhodotorula_mucilaginosa_DH4148_ref/input/ISQ0044643_S162_R2_001.fastq.gz
DBVPG_3856,NA,0,DBVPG_3856,L001,/bigdata/stajichlab/shared/projects/Rhodotorula/PopGen/Rhodotorula_mucilaginosa_DH4148_ref/input/DBVPG_3856_S32_L001_R1_001.fastq.gz,/bigdata/stajichlab/shared/projects/Rhodotorula/PopGen/Rhodotorula_mucilaginosa_DH4148_ref/input/DBVPG_3856_S32_L001_R2_001.fastq.gz
DBVPG_3857,NA,0,DBVPG_3857,L001,/bigdata/stajichlab/shared/projects/Rhodotorula/PopGen/Rhodotorula_mucilaginosa_DH4148_ref/input/DBVPG_3857_S33_L001_R1_001.fastq.gz,/bigdata/stajichlab/shared/projects/Rhodotorula/PopGen/Rhodotorula_mucilaginosa_DH4148_ref/input/DBVPG_3857_S33_L001_R2_001.fastq.gz
DBVPG_3858,NA,0,DBVPG_3858,L001,/bigdata/stajichlab/shared/projects/Rhodotorula/PopGen/Rhodotorula_mucilaginosa_DH4148_ref/input/ISQ0044645_S198_R1_001.fastq.gz,/bigdata/stajichlab/shared/projects/Rhodotorula/PopGen/Rhodotorula_mucilaginosa_DH4148_ref/input/ISQ0044645_S198_R2_001.fastq.gz
DBVPG_3983,NA,0,DBVPG_3983,L001,/bigdata/stajichlab/shared/projects/Rhodotorula/PopGen/Rhodotorula_mucilaginosa_DH4148_ref/input/DBVPG_3983_S34_L001_R1_001.fastq.gz,/bigdata/stajichlab/shared/projects/Rhodotorula/PopGen/Rhodotorula_mucilaginosa_DH4148_ref/input/DBVPG_3983_S34_L001_R2_001.fastq.gz
DBVPG_3984,NA,0,DBVPG_3984,L001,/bigdata/stajichlab/shared/projects/Rhodotorula/PopGen/Rhodotorula_mucilaginosa_DH4148_ref/input/DBVPG_3984_S35_L001_R1_001.fastq.gz,/bigdata/stajichlab/shared/projects/Rhodotorula/PopGen/Rhodotorula_mucilaginosa_DH4148_ref/input/DBVPG_3984_S35_L001_R2_001.fastq.gz
DBVPG_4201,NA,0,DBVPG_4201,L001,/bigdata/stajichlab/shared/projects/Rhodotorula/PopGen/Rhodotorula_mucilaginosa_DH4148_ref/input/DBVPG_4201_S37_L001_R1_001.fastq.gz,/bigdata/stajichlab/shared/projects/Rhodotorula/PopGen/Rhodotorula_mucilaginosa_DH4148_ref/input/DBVPG_4201_S37_L001_R2_001.fastq.gz
DBVPG_4202,NA,0,DBVPG_4202,L001,/bigdata/stajichlab/shared/projects/Rhodotorula/PopGen/Rhodotorula_mucilaginosa_DH4148_ref/input/DBVPG_4202_S38_L001_R1_001.fastq.gz,/bigdata/stajichlab/shared/projects/Rhodotorula/PopGen/Rhodotorula_mucilaginosa_DH4148_ref/input/DBVPG_4202_S38_L001_R2_001.fastq.gz
DBVPG_4203,NA,0,DBVPG_4203,L001,/bigdata/stajichlab/shared/projects/Rhodotorula/PopGen/Rhodotorula_mucilaginosa_DH4148_ref/input/DBVPG_4203_S39_L001_R1_001.fastq.gz,/bigdata/stajichlab/shared/projects/Rhodotorula/PopGen/Rhodotorula_mucilaginosa_DH4148_ref/input/DBVPG_4203_S39_L001_R2_001.fastq.gz
DBVPG_4304,NA,0,DBVPG_4304,L001,/bigdata/stajichlab/shared/projects/Rhodotorula/PopGen/Rhodotorula_mucilaginosa_DH4148_ref/input/23263Sta_DBVPG4304_S97_L001_R1_001.fastq.gz,/bigdata/stajichlab/shared/projects/Rhodotorula/PopGen/Rhodotorula_mucilaginosa_DH4148_ref/input/23263Sta_DBVPG4304_S97_L001_R2_001.fastq.gz
DBVPG_4304,NA,0,DBVPG_4304,L002,/bigdata/stajichlab/shared/projects/Rhodotorula/PopGen/Rhodotorula_mucilaginosa_DH4148_ref/input/23263Sta_DBVPG4304_S97_L002_R1_001.fastq.gz,/bigdata/stajichlab/shared/projects/Rhodotorula/PopGen/Rhodotorula_mucilaginosa_DH4148_ref/input/23263Sta_DBVPG4304_S97_L002_R2_001.fastq.gz
DBVPG_4376,NA,0,DBVPG_4376,L001,/bigdata/stajichlab/shared/projects/Rhodotorula/PopGen/Rhodotorula_mucilaginosa_DH4148_ref/input/DBVPG_4376_S40_L001_R1_001.fastq.gz,/bigdata/stajichlab/shared/projects/Rhodotorula/PopGen/Rhodotorula_mucilaginosa_DH4148_ref/input/DBVPG_4376_S40_L001_R2_001.fastq.gz
DBVPG_4377,NA,0,DBVPG_4377,L001,/bigdata/stajichlab/shared/projects/Rhodotorula/PopGen/Rhodotorula_mucilaginosa_DH4148_ref/input/DBVPG_4377_S41_L001_R1_001.fastq.gz,/bigdata/stajichlab/shared/projects/Rhodotorula/PopGen/Rhodotorula_mucilaginosa_DH4148_ref/input/DBVPG_4377_S41_L001_R2_001.fastq.gz
DBVPG_4378,NA,0,DBVPG_4378,L001,/bigdata/stajichlab/shared/projects/Rhodotorula/PopGen/Rhodotorula_mucilaginosa_DH4148_ref/input/ISQ0044647_S234_R1_001.fastq.gz,/bigdata/stajichlab/shared/projects/Rhodotorula/PopGen/Rhodotorula_mucilaginosa_DH4148_ref/input/ISQ0044647_S234_R2_001.fastq.gz
DBVPG_4379,NA,0,DBVPG_4379,L001,/bigdata/stajichlab/shared/projects/Rhodotorula/PopGen/Rhodotorula_mucilaginosa_DH4148_ref/input/DBVPG_4379_S42_L001_R1_001.fastq.gz,/bigdata/stajichlab/shared/projects/Rhodotorula/PopGen/Rhodotorula_mucilaginosa_DH4148_ref/input/DBVPG_4379_S42_L001_R2_001.fastq.gz
DBVPG_4380,NA,0,DBVPG_4380,L001,/bigdata/stajichlab/shared/projects/Rhodotorula/PopGen/Rhodotorula_mucilaginosa_DH4148_ref/input/DBVPG_4380_S43_L001_R1_001.fastq.gz,/bigdata/stajichlab/shared/projects/Rhodotorula/PopGen/Rhodotorula_mucilaginosa_DH4148_ref/input/DBVPG_4380_S43_L001_R2_001.fastq.gz
DBVPG_4408,NA,0,DBVPG_4408,L001,/bigdata/stajichlab/shared/projects/Rhodotorula/PopGen/Rhodotorula_mucilaginosa_DH4148_ref/input/DBVPG_4408_S116_L001_R1_001.fastq.gz,/bigdata/stajichlab/shared/projects/Rhodotorula/PopGen/Rhodotorula_mucilaginosa_DH4148_ref/input/DBVPG_4408_S116_L001_R2_001.fastq.gz
DBVPG_4466,NA,0,DBVPG_4466,L001,/bigdata/stajichlab/shared/projects/Rhodotorula/PopGen/Rhodotorula_mucilaginosa_DH4148_ref/input/DBVPG_4466_S117_L001_R1_001.fastq.gz,/bigdata/stajichlab/shared/projects/Rhodotorula/PopGen/Rhodotorula_mucilaginosa_DH4148_ref/input/DBVPG_4466_S117_L001_R2_001.fastq.gz
DBVPG_4534,NA,0,DBVPG_4534,L001,/bigdata/stajichlab/shared/projects/Rhodotorula/PopGen/Rhodotorula_mucilaginosa_DH4148_ref/input/DBVPG_4534_S120_L001_R1_001.fastq.gz,/bigdata/stajichlab/shared/projects/Rhodotorula/PopGen/Rhodotorula_mucilaginosa_DH4148_ref/input/DBVPG_4534_S120_L001_R2_001.fastq.gz
DBVPG_4534,NA,0,DBVPG_4534,L002,/bigdata/stajichlab/shared/projects/Rhodotorula/PopGen/Rhodotorula_mucilaginosa_DH4148_ref/input/23263Sta_DBVPG4534_S168_L001_R1_001.fastq.gz,/bigdata/stajichlab/shared/projects/Rhodotorula/PopGen/Rhodotorula_mucilaginosa_DH4148_ref/input/23263Sta_DBVPG4534_S168_L001_R2_001.fastq.gz
DBVPG_4534,NA,0,DBVPG_4534,L003,/bigdata/stajichlab/shared/projects/Rhodotorula/PopGen/Rhodotorula_mucilaginosa_DH4148_ref/input/23263Sta_DBVPG4534_S168_L002_R1_001.fastq.gz,/bigdata/stajichlab/shared/projects/Rhodotorula/PopGen/Rhodotorula_mucilaginosa_DH4148_ref/input/23263Sta_DBVPG4534_S168_L002_R2_001.fastq.gz
DBVPG_4618,NA,0,DBVPG_4618,L001,/bigdata/stajichlab/shared/projects/Rhodotorula/PopGen/Rhodotorula_mucilaginosa_DH4148_ref/input/DBVPG_4618_S121_L001_R1_001.fastq.gz,/bigdata/stajichlab/shared/projects/Rhodotorula/PopGen/Rhodotorula_mucilaginosa_DH4148_ref/input/DBVPG_4618_S121_L001_R2_001.fastq.gz
DBVPG_4618,NA,0,DBVPG_4618,L002,/bigdata/stajichlab/shared/projects/Rhodotorula/PopGen/Rhodotorula_mucilaginosa_DH4148_ref/input/23263Sta_DBVPG4618_S170_L001_R1_001.fastq.gz,/bigdata/stajichlab/shared/projects/Rhodotorula/PopGen/Rhodotorula_mucilaginosa_DH4148_ref/input/23263Sta_DBVPG4618_S170_L001_R2_001.fastq.gz
DBVPG_4618,NA,0,DBVPG_4618,L003,/bigdata/stajichlab/shared/projects/Rhodotorula/PopGen/Rhodotorula_mucilaginosa_DH4148_ref/input/23263Sta_DBVPG4618_S170_L002_R1_001.fastq.gz,/bigdata/stajichlab/shared/projects/Rhodotorula/PopGen/Rhodotorula_mucilaginosa_DH4148_ref/input/23263Sta_DBVPG4618_S170_L002_R2_001.fastq.gz
DBVPG_4669,NA,0,DBVPG_4669,L001,/bigdata/stajichlab/shared/projects/Rhodotorula/PopGen/Rhodotorula_mucilaginosa_DH4148_ref/input/DBVPG_4669_S123_L001_R1_001.fastq.gz,/bigdata/stajichlab/shared/projects/Rhodotorula/PopGen/Rhodotorula_mucilaginosa_DH4148_ref/input/DBVPG_4669_S123_L001_R2_001.fastq.gz
DBVPG_4669,NA,0,DBVPG_4669,L002,/bigdata/stajichlab/shared/projects/Rhodotorula/PopGen/Rhodotorula_mucilaginosa_DH4148_ref/input/23263Sta_DBVPG4669_S171_L001_R1_001.fastq.gz,/bigdata/stajichlab/shared/projects/Rhodotorula/PopGen/Rhodotorula_mucilaginosa_DH4148_ref/input/23263Sta_DBVPG4669_S171_L001_R2_001.fastq.gz
DBVPG_4669,NA,0,DBVPG_4669,L003,/bigdata/stajichlab/shared/projects/Rhodotorula/PopGen/Rhodotorula_mucilaginosa_DH4148_ref/input/23263Sta_DBVPG4669_S171_L002_R1_001.fastq.gz,/bigdata/stajichlab/shared/projects/Rhodotorula/PopGen/Rhodotorula_mucilaginosa_DH4148_ref/input/23263Sta_DBVPG4669_S171_L002_R2_001.fastq.gz
DBVPG_4920,NA,0,DBVPG_4920,L001,/bigdata/stajichlab/shared/projects/Rhodotorula/PopGen/Rhodotorula_mucilaginosa_DH4148_ref/input/DBVPG_4920_S124_L001_R1_001.fastq.gz,/bigdata/stajichlab/shared/projects/Rhodotorula/PopGen/Rhodotorula_mucilaginosa_DH4148_ref/input/DBVPG_4920_S124_L001_R2_001.fastq.gz
DBVPG_4945,NA,0,DBVPG_4945,L001,/bigdata/stajichlab/shared/projects/Rhodotorula/PopGen/Rhodotorula_mucilaginosa_DH4148_ref/input/DBVPG_4945_S125_L001_R1_001.fastq.gz,/bigdata/stajichlab/shared/projects/Rhodotorula/PopGen/Rhodotorula_mucilaginosa_DH4148_ref/input/DBVPG_4945_S125_L001_R2_001.fastq.gz
DBVPG_4946,NA,0,DBVPG_4946,L001,/bigdata/stajichlab/shared/projects/Rhodotorula/PopGen/Rhodotorula_mucilaginosa_DH4148_ref/input/DBVPG_4946_S126_L001_R1_001.fastq.gz,/bigdata/stajichlab/shared/projects/Rhodotorula/PopGen/Rhodotorula_mucilaginosa_DH4148_ref/input/DBVPG_4946_S126_L001_R2_001.fastq.gz
DBVPG_4947,NA,0,DBVPG_4947,L001,/bigdata/stajichlab/shared/projects/Rhodotorula/PopGen/Rhodotorula_mucilaginosa_DH4148_ref/input/DBVPG_4947_S127_L001_R1_001.fastq.gz,/bigdata/stajichlab/shared/projects/Rhodotorula/PopGen/Rhodotorula_mucilaginosa_DH4148_ref/input/DBVPG_4947_S127_L001_R2_001.fastq.gz
DBVPG_4949,NA,0,DBVPG_4949,L001,/bigdata/stajichlab/shared/projects/Rhodotorula/PopGen/Rhodotorula_mucilaginosa_DH4148_ref/input/23263Sta_DBVPG4949_S98_L001_R1_001.fastq.gz,/bigdata/stajichlab/shared/projects/Rhodotorula/PopGen/Rhodotorula_mucilaginosa_DH4148_ref/input/23263Sta_DBVPG4949_S98_L001_R2_001.fastq.gz
DBVPG_4949,NA,0,DBVPG_4949,L002,/bigdata/stajichlab/shared/projects/Rhodotorula/PopGen/Rhodotorula_mucilaginosa_DH4148_ref/input/23263Sta_DBVPG4949_S98_L002_R1_001.fastq.gz,/bigdata/stajichlab/shared/projects/Rhodotorula/PopGen/Rhodotorula_mucilaginosa_DH4148_ref/input/23263Sta_DBVPG4949_S98_L002_R2_001.fastq.gz
DBVPG_4950,NA,0,DBVPG_4950,L001,/bigdata/stajichlab/shared/projects/Rhodotorula/PopGen/Rhodotorula_mucilaginosa_DH4148_ref/input/23263Sta_DBVPG4950_S99_L001_R1_001.fastq.gz,/bigdata/stajichlab/shared/projects/Rhodotorula/PopGen/Rhodotorula_mucilaginosa_DH4148_ref/input/23263Sta_DBVPG4950_S99_L001_R2_001.fastq.gz
DBVPG_4950,NA,0,DBVPG_4950,L002,/bigdata/stajichlab/shared/projects/Rhodotorula/PopGen/Rhodotorula_mucilaginosa_DH4148_ref/input/23263Sta_DBVPG4950_S99_L002_R1_001.fastq.gz,/bigdata/stajichlab/shared/projects/Rhodotorula/PopGen/Rhodotorula_mucilaginosa_DH4148_ref/input/23263Sta_DBVPG4950_S99_L002_R2_001.fastq.gz
DBVPG_4952,NA,0,DBVPG_4952,L001,/bigdata/stajichlab/shared/projects/Rhodotorula/PopGen/Rhodotorula_mucilaginosa_DH4148_ref/input/23263Sta_DBVPG4952_S100_L001_R1_001.fastq.gz,/bigdata/stajichlab/shared/projects/Rhodotorula/PopGen/Rhodotorula_mucilaginosa_DH4148_ref/input/23263Sta_DBVPG4952_S100_L001_R2_001.fastq.gz
DBVPG_4952,NA,0,DBVPG_4952,L002,/bigdata/stajichlab/shared/projects/Rhodotorula/PopGen/Rhodotorula_mucilaginosa_DH4148_ref/input/23263Sta_DBVPG4952_S100_L002_R1_001.fastq.gz,/bigdata/stajichlab/shared/projects/Rhodotorula/PopGen/Rhodotorula_mucilaginosa_DH4148_ref/input/23263Sta_DBVPG4952_S100_L002_R2_001.fastq.gz
DBVPG_4956,NA,0,DBVPG_4956,L001,/bigdata/stajichlab/shared/projects/Rhodotorula/PopGen/Rhodotorula_mucilaginosa_DH4148_ref/input/23263Sta_DBVPG4956_S101_L001_R1_001.fastq.gz,/bigdata/stajichlab/shared/projects/Rhodotorula/PopGen/Rhodotorula_mucilaginosa_DH4148_ref/input/23263Sta_DBVPG4956_S101_L001_R2_001.fastq.gz
DBVPG_4956,NA,0,DBVPG_4956,L002,/bigdata/stajichlab/shared/projects/Rhodotorula/PopGen/Rhodotorula_mucilaginosa_DH4148_ref/input/23263Sta_DBVPG4956_S101_L002_R1_001.fastq.gz,/bigdata/stajichlab/shared/projects/Rhodotorula/PopGen/Rhodotorula_mucilaginosa_DH4148_ref/input/23263Sta_DBVPG4956_S101_L002_R2_001.fastq.gz
DBVPG_4957,NA,0,DBVPG_4957,L001,/bigdata/stajichlab/shared/projects/Rhodotorula/PopGen/Rhodotorula_mucilaginosa_DH4148_ref/input/23263Sta_DBVPG4957_S102_L001_R1_001.fastq.gz,/bigdata/stajichlab/shared/projects/Rhodotorula/PopGen/Rhodotorula_mucilaginosa_DH4148_ref/input/23263Sta_DBVPG4957_S102_L001_R2_001.fastq.gz
DBVPG_4957,NA,0,DBVPG_4957,L002,/bigdata/stajichlab/shared/projects/Rhodotorula/PopGen/Rhodotorula_mucilaginosa_DH4148_ref/input/23263Sta_DBVPG4957_S102_L002_R1_001.fastq.gz,/bigdata/stajichlab/shared/projects/Rhodotorula/PopGen/Rhodotorula_mucilaginosa_DH4148_ref/input/23263Sta_DBVPG4957_S102_L002_R2_001.fastq.gz
DBVPG_4958,NA,0,DBVPG_4958,L001,/bigdata/stajichlab/shared/projects/Rhodotorula/PopGen/Rhodotorula_mucilaginosa_DH4148_ref/input/23263Sta_DBVPG4958_S103_L001_R1_001.fastq.gz,/bigdata/stajichlab/shared/projects/Rhodotorula/PopGen/Rhodotorula_mucilaginosa_DH4148_ref/input/23263Sta_DBVPG4958_S103_L001_R2_001.fastq.gz
DBVPG_4958,NA,0,DBVPG_4958,L002,/bigdata/stajichlab/shared/projects/Rhodotorula/PopGen/Rhodotorula_mucilaginosa_DH4148_ref/input/23263Sta_DBVPG4958_S103_L002_R1_001.fastq.gz,/bigdata/stajichlab/shared/projects/Rhodotorula/PopGen/Rhodotorula_mucilaginosa_DH4148_ref/input/23263Sta_DBVPG4958_S103_L002_R2_001.fastq.gz
DBVPG_4962,NA,0,DBVPG_4962,L001,/bigdata/stajichlab/shared/projects/Rhodotorula/PopGen/Rhodotorula_mucilaginosa_DH4148_ref/input/23263Sta_DBVPG4962_S104_L001_R1_001.fastq.gz,/bigdata/stajichlab/shared/projects/Rhodotorula/PopGen/Rhodotorula_mucilaginosa_DH4148_ref/input/23263Sta_DBVPG4962_S104_L001_R2_001.fastq.gz
DBVPG_4962,NA,0,DBVPG_4962,L002,/bigdata/stajichlab/shared/projects/Rhodotorula/PopGen/Rhodotorula_mucilaginosa_DH4148_ref/input/23263Sta_DBVPG4962_S104_L002_R1_001.fastq.gz,/bigdata/stajichlab/shared/projects/Rhodotorula/PopGen/Rhodotorula_mucilaginosa_DH4148_ref/input/23263Sta_DBVPG4962_S104_L002_R2_001.fastq.gz
DBVPG_4963,NA,0,DBVPG_4963,L001,/bigdata/stajichlab/shared/projects/Rhodotorula/PopGen/Rhodotorula_mucilaginosa_DH4148_ref/input/23263Sta_DBVPG4963_S105_L001_R1_001.fastq.gz,/bigdata/stajichlab/shared/projects/Rhodotorula/PopGen/Rhodotorula_mucilaginosa_DH4148_ref/input/23263Sta_DBVPG4963_S105_L001_R2_001.fastq.gz
DBVPG_4963,NA,0,DBVPG_4963,L002,/bigdata/stajichlab/shared/projects/Rhodotorula/PopGen/Rhodotorula_mucilaginosa_DH4148_ref/input/23263Sta_DBVPG4963_S105_L002_R1_001.fastq.gz,/bigdata/stajichlab/shared/projects/Rhodotorula/PopGen/Rhodotorula_mucilaginosa_DH4148_ref/input/23263Sta_DBVPG4963_S105_L002_R2_001.fastq.gz
DBVPG_4964,NA,0,DBVPG_4964,L001,/bigdata/stajichlab/shared/projects/Rhodotorula/PopGen/Rhodotorula_mucilaginosa_DH4148_ref/input/23263Sta_DBVPG4964_S106_L001_R1_001.fastq.gz,/bigdata/stajichlab/shared/projects/Rhodotorula/PopGen/Rhodotorula_mucilaginosa_DH4148_ref/input/23263Sta_DBVPG4964_S106_L001_R2_001.fastq.gz
DBVPG_4964,NA,0,DBVPG_4964,L002,/bigdata/stajichlab/shared/projects/Rhodotorula/PopGen/Rhodotorula_mucilaginosa_DH4148_ref/input/23263Sta_DBVPG4964_S106_L002_R1_001.fastq.gz,/bigdata/stajichlab/shared/projects/Rhodotorula/PopGen/Rhodotorula_mucilaginosa_DH4148_ref/input/23263Sta_DBVPG4964_S106_L002_R2_001.fastq.gz
DBVPG_5225,NA,0,DBVPG_5225,L001,/bigdata/stajichlab/shared/projects/Rhodotorula/PopGen/Rhodotorula_mucilaginosa_DH4148_ref/input/23263Sta_DBVPG5225_S107_L001_R1_001.fastq.gz,/bigdata/stajichlab/shared/projects/Rhodotorula/PopGen/Rhodotorula_mucilaginosa_DH4148_ref/input/23263Sta_DBVPG5225_S107_L001_R2_001.fastq.gz
DBVPG_5225,NA,0,DBVPG_5225,L002,/bigdata/stajichlab/shared/projects/Rhodotorula/PopGen/Rhodotorula_mucilaginosa_DH4148_ref/input/23263Sta_DBVPG5225_S107_L002_R1_001.fastq.gz,/bigdata/stajichlab/shared/projects/Rhodotorula/PopGen/Rhodotorula_mucilaginosa_DH4148_ref/input/23263Sta_DBVPG5225_S107_L002_R2_001.fastq.gz
DBVPG_5226,NA,0,DBVPG_5226,L001,/bigdata/stajichlab/shared/projects/Rhodotorula/PopGen/Rhodotorula_mucilaginosa_DH4148_ref/input/23263Sta_DBVPG5226_S108_L001_R1_001.fastq.gz,/bigdata/stajichlab/shared/projects/Rhodotorula/PopGen/Rhodotorula_mucilaginosa_DH4148_ref/input/23263Sta_DBVPG5226_S108_L001_R2_001.fastq.gz
DBVPG_5226,NA,0,DBVPG_5226,L002,/bigdata/stajichlab/shared/projects/Rhodotorula/PopGen/Rhodotorula_mucilaginosa_DH4148_ref/input/23263Sta_DBVPG5226_S108_L002_R1_001.fastq.gz,/bigdata/stajichlab/shared/projects/Rhodotorula/PopGen/Rhodotorula_mucilaginosa_DH4148_ref/input/23263Sta_DBVPG5226_S108_L002_R2_001.fastq.gz
DBVPG_5227,NA,0,DBVPG_5227,L001,/bigdata/stajichlab/shared/projects/Rhodotorula/PopGen/Rhodotorula_mucilaginosa_DH4148_ref/input/23263Sta_DBVPG5227_S109_L001_R1_001.fastq.gz,/bigdata/stajichlab/shared/projects/Rhodotorula/PopGen/Rhodotorula_mucilaginosa_DH4148_ref/input/23263Sta_DBVPG5227_S109_L001_R2_001.fastq.gz
DBVPG_5227,NA,0,DBVPG_5227,L002,/bigdata/stajichlab/shared/projects/Rhodotorula/PopGen/Rhodotorula_mucilaginosa_DH4148_ref/input/23263Sta_DBVPG5227_S109_L002_R1_001.fastq.gz,/bigdata/stajichlab/shared/projects/Rhodotorula/PopGen/Rhodotorula_mucilaginosa_DH4148_ref/input/23263Sta_DBVPG5227_S109_L002_R2_001.fastq.gz
DBVPG_5228,NA,0,DBVPG_5228,L001,/bigdata/stajichlab/shared/projects/Rhodotorula/PopGen/Rhodotorula_mucilaginosa_DH4148_ref/input/23263Sta_DBVPG5228_S110_L001_R1_001.fastq.gz,/bigdata/stajichlab/shared/projects/Rhodotorula/PopGen/Rhodotorula_mucilaginosa_DH4148_ref/input/23263Sta_DBVPG5228_S110_L001_R2_001.fastq.gz
DBVPG_5228,NA,0,DBVPG_5228,L002,/bigdata/stajichlab/shared/projects/Rhodotorula/PopGen/Rhodotorula_mucilaginosa_DH4148_ref/input/23263Sta_DBVPG5228_S110_L002_R1_001.fastq.gz,/bigdata/stajichlab/shared/projects/Rhodotorula/PopGen/Rhodotorula_mucilaginosa_DH4148_ref/input/23263Sta_DBVPG5228_S110_L002_R2_001.fastq.gz
DBVPG_5229,NA,0,DBVPG_5229,L001,/bigdata/stajichlab/shared/projects/Rhodotorula/PopGen/Rhodotorula_mucilaginosa_DH4148_ref/input/23263Sta_DBVPG5229_S111_L001_R1_001.fastq.gz,/bigdata/stajichlab/shared/projects/Rhodotorula/PopGen/Rhodotorula_mucilaginosa_DH4148_ref/input/23263Sta_DBVPG5229_S111_L001_R2_001.fastq.gz
DBVPG_5229,NA,0,DBVPG_5229,L002,/bigdata/stajichlab/shared/projects/Rhodotorula/PopGen/Rhodotorula_mucilaginosa_DH4148_ref/input/23263Sta_DBVPG5229_S111_L002_R1_001.fastq.gz,/bigdata/stajichlab/shared/projects/Rhodotorula/PopGen/Rhodotorula_mucilaginosa_DH4148_ref/input/23263Sta_DBVPG5229_S111_L002_R2_001.fastq.gz
DBVPG_5235,NA,0,DBVPG_5235,L001,/bigdata/stajichlab/shared/projects/Rhodotorula/PopGen/Rhodotorula_mucilaginosa_DH4148_ref/input/23263Sta_DBVPG5235_S112_L001_R1_001.fastq.gz,/bigdata/stajichlab/shared/projects/Rhodotorula/PopGen/Rhodotorula_mucilaginosa_DH4148_ref/input/23263Sta_DBVPG5235_S112_L001_R2_001.fastq.gz
DBVPG_5235,NA,0,DBVPG_5235,L002,/bigdata/stajichlab/shared/projects/Rhodotorula/PopGen/Rhodotorula_mucilaginosa_DH4148_ref/input/23263Sta_DBVPG5235_S112_L002_R1_001.fastq.gz,/bigdata/stajichlab/shared/projects/Rhodotorula/PopGen/Rhodotorula_mucilaginosa_DH4148_ref/input/23263Sta_DBVPG5235_S112_L002_R2_001.fastq.gz
DBVPG_5236,NA,0,DBVPG_5236,L001,/bigdata/stajichlab/shared/projects/Rhodotorula/PopGen/Rhodotorula_mucilaginosa_DH4148_ref/input/23263Sta_DBVPG5236_S113_L001_R1_001.fastq.gz,/bigdata/stajichlab/shared/projects/Rhodotorula/PopGen/Rhodotorula_mucilaginosa_DH4148_ref/input/23263Sta_DBVPG5236_S113_L001_R2_001.fastq.gz
DBVPG_5236,NA,0,DBVPG_5236,L002,/bigdata/stajichlab/shared/projects/Rhodotorula/PopGen/Rhodotorula_mucilaginosa_DH4148_ref/input/23263Sta_DBVPG5236_S113_L002_R1_001.fastq.gz,/bigdata/stajichlab/shared/projects/Rhodotorula/PopGen/Rhodotorula_mucilaginosa_DH4148_ref/input/23263Sta_DBVPG5236_S113_L002_R2_001.fastq.gz
DBVPG_5757,NA,0,DBVPG_5757,L001,/bigdata/stajichlab/shared/projects/Rhodotorula/PopGen/Rhodotorula_mucilaginosa_DH4148_ref/input/23263Sta_DBVPG5757_S114_L001_R1_001.fastq.gz,/bigdata/stajichlab/shared/projects/Rhodotorula/PopGen/Rhodotorula_mucilaginosa_DH4148_ref/input/23263Sta_DBVPG5757_S114_L001_R2_001.fastq.gz
DBVPG_5757,NA,0,DBVPG_5757,L002,/bigdata/stajichlab/shared/projects/Rhodotorula/PopGen/Rhodotorula_mucilaginosa_DH4148_ref/input/23263Sta_DBVPG5757_S114_L002_R1_001.fastq.gz,/bigdata/stajichlab/shared/projects/Rhodotorula/PopGen/Rhodotorula_mucilaginosa_DH4148_ref/input/23263Sta_DBVPG5757_S114_L002_R2_001.fastq.gz
DBVPG_5758,NA,0,DBVPG_5758,L001,/bigdata/stajichlab/shared/projects/Rhodotorula/PopGen/Rhodotorula_mucilaginosa_DH4148_ref/input/23263Sta_DBVPG5758_S115_L001_R1_001.fastq.gz,/bigdata/stajichlab/shared/projects/Rhodotorula/PopGen/Rhodotorula_mucilaginosa_DH4148_ref/input/23263Sta_DBVPG5758_S115_L001_R2_001.fastq.gz
DBVPG_5758,NA,0,DBVPG_5758,L002,/bigdata/stajichlab/shared/projects/Rhodotorula/PopGen/Rhodotorula_mucilaginosa_DH4148_ref/input/23263Sta_DBVPG5758_S115_L002_R1_001.fastq.gz,/bigdata/stajichlab/shared/projects/Rhodotorula/PopGen/Rhodotorula_mucilaginosa_DH4148_ref/input/23263Sta_DBVPG5758_S115_L002_R2_001.fastq.gz
DBVPG_5759,NA,0,DBVPG_5759,L001,/bigdata/stajichlab/shared/projects/Rhodotorula/PopGen/Rhodotorula_mucilaginosa_DH4148_ref/input/23263Sta_DBVPG5759_S116_L001_R1_001.fastq.gz,/bigdata/stajichlab/shared/projects/Rhodotorula/PopGen/Rhodotorula_mucilaginosa_DH4148_ref/input/23263Sta_DBVPG5759_S116_L001_R2_001.fastq.gz
DBVPG_5759,NA,0,DBVPG_5759,L002,/bigdata/stajichlab/shared/projects/Rhodotorula/PopGen/Rhodotorula_mucilaginosa_DH4148_ref/input/23263Sta_DBVPG5759_S116_L002_R1_001.fastq.gz,/bigdata/stajichlab/shared/projects/Rhodotorula/PopGen/Rhodotorula_mucilaginosa_DH4148_ref/input/23263Sta_DBVPG5759_S116_L002_R2_001.fastq.gz
DBVPG_6091,NA,0,DBVPG_6091,L001,/bigdata/stajichlab/shared/projects/Rhodotorula/PopGen/Rhodotorula_mucilaginosa_DH4148_ref/input/23263Sta_DBVPG6091_S119_L001_R1_001.fastq.gz,/bigdata/stajichlab/shared/projects/Rhodotorula/PopGen/Rhodotorula_mucilaginosa_DH4148_ref/input/23263Sta_DBVPG6091_S119_L001_R2_001.fastq.gz
DBVPG_6091,NA,0,DBVPG_6091,L002,/bigdata/stajichlab/shared/projects/Rhodotorula/PopGen/Rhodotorula_mucilaginosa_DH4148_ref/input/23263Sta_DBVPG6091_S119_L002_R1_001.fastq.gz,/bigdata/stajichlab/shared/projects/Rhodotorula/PopGen/Rhodotorula_mucilaginosa_DH4148_ref/input/23263Sta_DBVPG6091_S119_L002_R2_001.fastq.gz
DBVPG_6092,NA,0,DBVPG_6092,L001,/bigdata/stajichlab/shared/projects/Rhodotorula/PopGen/Rhodotorula_mucilaginosa_DH4148_ref/input/23263Sta_DBVPG6092_S120_L001_R1_001.fastq.gz,/bigdata/stajichlab/shared/projects/Rhodotorula/PopGen/Rhodotorula_mucilaginosa_DH4148_ref/input/23263Sta_DBVPG6092_S120_L001_R2_001.fastq.gz
DBVPG_6092,NA,0,DBVPG_6092,L002,/bigdata/stajichlab/shared/projects/Rhodotorula/PopGen/Rhodotorula_mucilaginosa_DH4148_ref/input/23263Sta_DBVPG6092_S120_L002_R1_001.fastq.gz,/bigdata/stajichlab/shared/projects/Rhodotorula/PopGen/Rhodotorula_mucilaginosa_DH4148_ref/input/23263Sta_DBVPG6092_S120_L002_R2_001.fastq.gz
DBVPG_6093,NA,0,DBVPG_6093,L001,/bigdata/stajichlab/shared/projects/Rhodotorula/PopGen/Rhodotorula_mucilaginosa_DH4148_ref/input/23263Sta_DBVPG6093_S121_L001_R1_001.fastq.gz,/bigdata/stajichlab/shared/projects/Rhodotorula/PopGen/Rhodotorula_mucilaginosa_DH4148_ref/input/23263Sta_DBVPG6093_S121_L001_R2_001.fastq.gz
DBVPG_6093,NA,0,DBVPG_6093,L002,/bigdata/stajichlab/shared/projects/Rhodotorula/PopGen/Rhodotorula_mucilaginosa_DH4148_ref/input/23263Sta_DBVPG6093_S121_L002_R1_001.fastq.gz,/bigdata/stajichlab/shared/projects/Rhodotorula/PopGen/Rhodotorula_mucilaginosa_DH4148_ref/input/23263Sta_DBVPG6093_S121_L002_R2_001.fastq.gz
DBVPG_6094,NA,0,DBVPG_6094,L001,/bigdata/stajichlab/shared/projects/Rhodotorula/PopGen/Rhodotorula_mucilaginosa_DH4148_ref/input/23263Sta_DBVPG6094_S185_L001_R1_001.fastq.gz,/bigdata/stajichlab/shared/projects/Rhodotorula/PopGen/Rhodotorula_mucilaginosa_DH4148_ref/input/23263Sta_DBVPG6094_S185_L001_R2_001.fastq.gz
DBVPG_6094,NA,0,DBVPG_6094,L002,/bigdata/stajichlab/shared/projects/Rhodotorula/PopGen/Rhodotorula_mucilaginosa_DH4148_ref/input/23263Sta_DBVPG6094_S185_L002_R1_001.fastq.gz,/bigdata/stajichlab/shared/projects/Rhodotorula/PopGen/Rhodotorula_mucilaginosa_DH4148_ref/input/23263Sta_DBVPG6094_S185_L002_R2_001.fastq.gz
DBVPG_6094,NA,0,DBVPG_6094,L003,/bigdata/stajichlab/shared/projects/Rhodotorula/PopGen/Rhodotorula_mucilaginosa_DH4148_ref/input/9003_011_S39_R1_001.fastq.gz,/bigdata/stajichlab/shared/projects/Rhodotorula/PopGen/Rhodotorula_mucilaginosa_DH4148_ref/input/9003_011_S39_R2_001.fastq.gz
DBVPG_6593,NA,0,DBVPG_6593,L001,/bigdata/stajichlab/shared/projects/Rhodotorula/PopGen/Rhodotorula_mucilaginosa_DH4148_ref/input/23263Sta_DBVPG6593_S187_L001_R1_001.fastq.gz,/bigdata/stajichlab/shared/projects/Rhodotorula/PopGen/Rhodotorula_mucilaginosa_DH4148_ref/input/23263Sta_DBVPG6593_S187_L001_R2_001.fastq.gz
DBVPG_6593,NA,0,DBVPG_6593,L002,/bigdata/stajichlab/shared/projects/Rhodotorula/PopGen/Rhodotorula_mucilaginosa_DH4148_ref/input/23263Sta_DBVPG6593_S187_L002_R1_001.fastq.gz,/bigdata/stajichlab/shared/projects/Rhodotorula/PopGen/Rhodotorula_mucilaginosa_DH4148_ref/input/23263Sta_DBVPG6593_S187_L002_R2_001.fastq.gz
DBVPG_6649,NA,0,DBVPG_6649,L001,/bigdata/stajichlab/shared/projects/Rhodotorula/PopGen/Rhodotorula_mucilaginosa_DH4148_ref/input/23263Sta_DBVPG6649_S125_L001_R1_001.fastq.gz,/bigdata/stajichlab/shared/projects/Rhodotorula/PopGen/Rhodotorula_mucilaginosa_DH4148_ref/input/23263Sta_DBVPG6649_S125_L001_R2_001.fastq.gz
DBVPG_6649,NA,0,DBVPG_6649,L002,/bigdata/stajichlab/shared/projects/Rhodotorula/PopGen/Rhodotorula_mucilaginosa_DH4148_ref/input/23263Sta_DBVPG6649_S125_L002_R1_001.fastq.gz,/bigdata/stajichlab/shared/projects/Rhodotorula/PopGen/Rhodotorula_mucilaginosa_DH4148_ref/input/23263Sta_DBVPG6649_S125_L002_R2_001.fastq.gz
DBVPG_6660,NA,0,DBVPG_6660,L001,/bigdata/stajichlab/shared/projects/Rhodotorula/PopGen/Rhodotorula_mucilaginosa_DH4148_ref/input/23263Sta_DBVPG6660_S126_L001_R1_001.fastq.gz,/bigdata/stajichlab/shared/projects/Rhodotorula/PopGen/Rhodotorula_mucilaginosa_DH4148_ref/input/23263Sta_DBVPG6660_S126_L001_R2_001.fastq.gz
DBVPG_6660,NA,0,DBVPG_6660,L002,/bigdata/stajichlab/shared/projects/Rhodotorula/PopGen/Rhodotorula_mucilaginosa_DH4148_ref/input/23263Sta_DBVPG6660_S126_L002_R1_001.fastq.gz,/bigdata/stajichlab/shared/projects/Rhodotorula/PopGen/Rhodotorula_mucilaginosa_DH4148_ref/input/23263Sta_DBVPG6660_S126_L002_R2_001.fastq.gz
DBVPG_6741,NA,0,DBVPG_6741,L001,/bigdata/stajichlab/shared/projects/Rhodotorula/PopGen/Rhodotorula_mucilaginosa_DH4148_ref/input/23263Sta_DBVPG6741_S128_L001_R1_001.fastq.gz,/bigdata/stajichlab/shared/projects/Rhodotorula/PopGen/Rhodotorula_mucilaginosa_DH4148_ref/input/23263Sta_DBVPG6741_S128_L001_R2_001.fastq.gz
DBVPG_6741,NA,0,DBVPG_6741,L002,/bigdata/stajichlab/shared/projects/Rhodotorula/PopGen/Rhodotorula_mucilaginosa_DH4148_ref/input/23263Sta_DBVPG6741_S128_L002_R1_001.fastq.gz,/bigdata/stajichlab/shared/projects/Rhodotorula/PopGen/Rhodotorula_mucilaginosa_DH4148_ref/input/23263Sta_DBVPG6741_S128_L002_R2_001.fastq.gz
DBVPG_6742,NA,0,DBVPG_6742,L001,/bigdata/stajichlab/shared/projects/Rhodotorula/PopGen/Rhodotorula_mucilaginosa_DH4148_ref/input/23263Sta_DBVPG6742_S189_L001_R1_001.fastq.gz,/bigdata/stajichlab/shared/projects/Rhodotorula/PopGen/Rhodotorula_mucilaginosa_DH4148_ref/input/23263Sta_DBVPG6742_S189_L001_R2_001.fastq.gz
DBVPG_6742,NA,0,DBVPG_6742,L002,/bigdata/stajichlab/shared/projects/Rhodotorula/PopGen/Rhodotorula_mucilaginosa_DH4148_ref/input/23263Sta_DBVPG6742_S189_L002_R1_001.fastq.gz,/bigdata/stajichlab/shared/projects/Rhodotorula/PopGen/Rhodotorula_mucilaginosa_DH4148_ref/input/23263Sta_DBVPG6742_S189_L002_R2_001.fastq.gz
DBVPG_6743,NA,0,DBVPG_6743,L001,/bigdata/stajichlab/shared/projects/Rhodotorula/PopGen/Rhodotorula_mucilaginosa_DH4148_ref/input/23263Sta_DBVPG6743_S129_L001_R1_001.fastq.gz,/bigdata/stajichlab/shared/projects/Rhodotorula/PopGen/Rhodotorula_mucilaginosa_DH4148_ref/input/23263Sta_DBVPG6743_S129_L001_R2_001.fastq.gz
DBVPG_6743,NA,0,DBVPG_6743,L002,/bigdata/stajichlab/shared/projects/Rhodotorula/PopGen/Rhodotorula_mucilaginosa_DH4148_ref/input/23263Sta_DBVPG6743_S129_L002_R1_001.fastq.gz,/bigdata/stajichlab/shared/projects/Rhodotorula/PopGen/Rhodotorula_mucilaginosa_DH4148_ref/input/23263Sta_DBVPG6743_S129_L002_R2_001.fastq.gz
DBVPG_6803,NA,0,DBVPG_6803,L001,/bigdata/stajichlab/shared/projects/Rhodotorula/PopGen/Rhodotorula_mucilaginosa_DH4148_ref/input/23263Sta_DBVPG6803_S130_L001_R1_001.fastq.gz,/bigdata/stajichlab/shared/projects/Rhodotorula/PopGen/Rhodotorula_mucilaginosa_DH4148_ref/input/23263Sta_DBVPG6803_S130_L001_R2_001.fastq.gz
DBVPG_6803,NA,0,DBVPG_6803,L002,/bigdata/stajichlab/shared/projects/Rhodotorula/PopGen/Rhodotorula_mucilaginosa_DH4148_ref/input/23263Sta_DBVPG6803_S130_L002_R1_001.fastq.gz,/bigdata/stajichlab/shared/projects/Rhodotorula/PopGen/Rhodotorula_mucilaginosa_DH4148_ref/input/23263Sta_DBVPG6803_S130_L002_R2_001.fastq.gz
DBVPG_7019,NA,0,DBVPG_7019,L001,/bigdata/stajichlab/shared/projects/Rhodotorula/PopGen/Rhodotorula_mucilaginosa_DH4148_ref/input/23263Sta_DBVPG7019_S131_L001_R1_001.fastq.gz,/bigdata/stajichlab/shared/projects/Rhodotorula/PopGen/Rhodotorula_mucilaginosa_DH4148_ref/input/23263Sta_DBVPG7019_S131_L001_R2_001.fastq.gz
DBVPG_7019,NA,0,DBVPG_7019,L002,/bigdata/stajichlab/shared/projects/Rhodotorula/PopGen/Rhodotorula_mucilaginosa_DH4148_ref/input/23263Sta_DBVPG7019_S131_L002_R1_001.fastq.gz,/bigdata/stajichlab/shared/projects/Rhodotorula/PopGen/Rhodotorula_mucilaginosa_DH4148_ref/input/23263Sta_DBVPG7019_S131_L002_R2_001.fastq.gz
DBVPG_8043,NA,0,DBVPG_8043,L001,/bigdata/stajichlab/shared/projects/Rhodotorula/PopGen/Rhodotorula_mucilaginosa_DH4148_ref/input/23263Sta_DBVPG8043_S135_L001_R1_001.fastq.gz,/bigdata/stajichlab/shared/projects/Rhodotorula/PopGen/Rhodotorula_mucilaginosa_DH4148_ref/input/23263Sta_DBVPG8043_S135_L001_R2_001.fastq.gz
DBVPG_8043,NA,0,DBVPG_8043,L002,/bigdata/stajichlab/shared/projects/Rhodotorula/PopGen/Rhodotorula_mucilaginosa_DH4148_ref/input/23263Sta_DBVPG8043_S135_L002_R1_001.fastq.gz,/bigdata/stajichlab/shared/projects/Rhodotorula/PopGen/Rhodotorula_mucilaginosa_DH4148_ref/input/23263Sta_DBVPG8043_S135_L002_R2_001.fastq.gz
EXF_10533,NA,0,EXF_10533,L001,/bigdata/stajichlab/shared/projects/Rhodotorula/PopGen/Rhodotorula_mucilaginosa_DH4148_ref/input/23263Sta_EXF10533_S32_L001_R1_001.fastq.gz,/bigdata/stajichlab/shared/projects/Rhodotorula/PopGen/Rhodotorula_mucilaginosa_DH4148_ref/input/23263Sta_EXF10533_S32_L001_R2_001.fastq.gz
EXF_10533,NA,0,EXF_10533,L002,/bigdata/stajichlab/shared/projects/Rhodotorula/PopGen/Rhodotorula_mucilaginosa_DH4148_ref/input/23263Sta_EXF10533_S32_L002_R1_001.fastq.gz,/bigdata/stajichlab/shared/projects/Rhodotorula/PopGen/Rhodotorula_mucilaginosa_DH4148_ref/input/23263Sta_EXF10533_S32_L002_R2_001.fastq.gz
EXF_10630,NA,0,EXF_10630,L001,/bigdata/stajichlab/shared/projects/Rhodotorula/PopGen/Rhodotorula_mucilaginosa_DH4148_ref/input/9003_030_S58_R1_001.fastq.gz,/bigdata/stajichlab/shared/projects/Rhodotorula/PopGen/Rhodotorula_mucilaginosa_DH4148_ref/input/9003_030_S58_R2_001.fastq.gz
EXF_10854,NA,0,EXF_10854,L001,/bigdata/stajichlab/shared/projects/Rhodotorula/PopGen/Rhodotorula_mucilaginosa_DH4148_ref/input/9003_029_S57_R1_001.fastq.gz,/bigdata/stajichlab/shared/projects/Rhodotorula/PopGen/Rhodotorula_mucilaginosa_DH4148_ref/input/9003_029_S57_R2_001.fastq.gz
EXF_12265,NA,0,EXF_12265,L001,/bigdata/stajichlab/shared/projects/Rhodotorula/PopGen/Rhodotorula_mucilaginosa_DH4148_ref/input/9003_035_S63_R1_001.fastq.gz,/bigdata/stajichlab/shared/projects/Rhodotorula/PopGen/Rhodotorula_mucilaginosa_DH4148_ref/input/9003_035_S63_R2_001.fastq.gz
EXF_12281,NA,0,EXF_12281,L001,/bigdata/stajichlab/shared/projects/Rhodotorula/PopGen/Rhodotorula_mucilaginosa_DH4148_ref/input/23263Sta_EXF12281_S50_L001_R1_001.fastq.gz,/bigdata/stajichlab/shared/projects/Rhodotorula/PopGen/Rhodotorula_mucilaginosa_DH4148_ref/input/23263Sta_EXF12281_S50_L001_R2_001.fastq.gz
EXF_12281,NA,0,EXF_12281,L002,/bigdata/stajichlab/shared/projects/Rhodotorula/PopGen/Rhodotorula_mucilaginosa_DH4148_ref/input/23263Sta_EXF12281_S50_L002_R1_001.fastq.gz,/bigdata/stajichlab/shared/projects/Rhodotorula/PopGen/Rhodotorula_mucilaginosa_DH4148_ref/input/23263Sta_EXF12281_S50_L002_R2_001.fastq.gz
EXF_12768,NA,0,EXF_12768,L001,/bigdata/stajichlab/shared/projects/Rhodotorula/PopGen/Rhodotorula_mucilaginosa_DH4148_ref/input/23263Sta_EXF12768_S21_L001_R1_001.fastq.gz,/bigdata/stajichlab/shared/projects/Rhodotorula/PopGen/Rhodotorula_mucilaginosa_DH4148_ref/input/23263Sta_EXF12768_S21_L001_R2_001.fastq.gz
EXF_12768,NA,0,EXF_12768,L002,/bigdata/stajichlab/shared/projects/Rhodotorula/PopGen/Rhodotorula_mucilaginosa_DH4148_ref/input/23263Sta_EXF12768_S21_L002_R1_001.fastq.gz,/bigdata/stajichlab/shared/projects/Rhodotorula/PopGen/Rhodotorula_mucilaginosa_DH4148_ref/input/23263Sta_EXF12768_S21_L002_R2_001.fastq.gz
EXF_13250,NA,0,EXF_13250,L001,/bigdata/stajichlab/shared/projects/Rhodotorula/PopGen/Rhodotorula_mucilaginosa_DH4148_ref/input/23263Sta_EXF13250_S55_L001_R1_001.fastq.gz,/bigdata/stajichlab/shared/projects/Rhodotorula/PopGen/Rhodotorula_mucilaginosa_DH4148_ref/input/23263Sta_EXF13250_S55_L001_R2_001.fastq.gz
EXF_13250,NA,0,EXF_13250,L002,/bigdata/stajichlab/shared/projects/Rhodotorula/PopGen/Rhodotorula_mucilaginosa_DH4148_ref/input/23263Sta_EXF13250_S55_L002_R1_001.fastq.gz,/bigdata/stajichlab/shared/projects/Rhodotorula/PopGen/Rhodotorula_mucilaginosa_DH4148_ref/input/23263Sta_EXF13250_S55_L002_R2_001.fastq.gz
EXF_13255,NA,0,EXF_13255,L001,/bigdata/stajichlab/shared/projects/Rhodotorula/PopGen/Rhodotorula_mucilaginosa_DH4148_ref/input/23263Sta_EXF13255_S180_L001_R1_001.fastq.gz,/bigdata/stajichlab/shared/projects/Rhodotorula/PopGen/Rhodotorula_mucilaginosa_DH4148_ref/input/23263Sta_EXF13255_S180_L001_R2_001.fastq.gz
EXF_13255,NA,0,EXF_13255,L002,/bigdata/stajichlab/shared/projects/Rhodotorula/PopGen/Rhodotorula_mucilaginosa_DH4148_ref/input/23263Sta_EXF13255_S180_L002_R1_001.fastq.gz,/bigdata/stajichlab/shared/projects/Rhodotorula/PopGen/Rhodotorula_mucilaginosa_DH4148_ref/input/23263Sta_EXF13255_S180_L002_R2_001.fastq.gz
EXF_13260,NA,0,EXF_13260,L001,/bigdata/stajichlab/shared/projects/Rhodotorula/PopGen/Rhodotorula_mucilaginosa_DH4148_ref/input/23263Sta_EXF13260_S73_L001_R1_001.fastq.gz,/bigdata/stajichlab/shared/projects/Rhodotorula/PopGen/Rhodotorula_mucilaginosa_DH4148_ref/input/23263Sta_EXF13260_S73_L001_R2_001.fastq.gz
EXF_13260,NA,0,EXF_13260,L002,/bigdata/stajichlab/shared/projects/Rhodotorula/PopGen/Rhodotorula_mucilaginosa_DH4148_ref/input/23263Sta_EXF13260_S73_L002_R1_001.fastq.gz,/bigdata/stajichlab/shared/projects/Rhodotorula/PopGen/Rhodotorula_mucilaginosa_DH4148_ref/input/23263Sta_EXF13260_S73_L002_R2_001.fastq.gz
EXF_13261,NA,0,EXF_13261,L001,/bigdata/stajichlab/shared/projects/Rhodotorula/PopGen/Rhodotorula_mucilaginosa_DH4148_ref/input/23263Sta_EXF13261_S78_L001_R1_001.fastq.gz,/bigdata/stajichlab/shared/projects/Rhodotorula/PopGen/Rhodotorula_mucilaginosa_DH4148_ref/input/23263Sta_EXF13261_S78_L001_R2_001.fastq.gz
EXF_13261,NA,0,EXF_13261,L002,/bigdata/stajichlab/shared/projects/Rhodotorula/PopGen/Rhodotorula_mucilaginosa_DH4148_ref/input/23263Sta_EXF13261_S78_L002_R1_001.fastq.gz,/bigdata/stajichlab/shared/projects/Rhodotorula/PopGen/Rhodotorula_mucilaginosa_DH4148_ref/input/23263Sta_EXF13261_S78_L002_R2_001.fastq.gz
EXF_13500,NA,0,EXF_13500,L001,/bigdata/stajichlab/shared/projects/Rhodotorula/PopGen/Rhodotorula_mucilaginosa_DH4148_ref/input/9003_032_S60_R1_001.fastq.gz,/bigdata/stajichlab/shared/projects/Rhodotorula/PopGen/Rhodotorula_mucilaginosa_DH4148_ref/input/9003_032_S60_R2_001.fastq.gz
EXF_13599,NA,0,EXF_13599,L001,/bigdata/stajichlab/shared/projects/Rhodotorula/PopGen/Rhodotorula_mucilaginosa_DH4148_ref/input/23263Sta_EXF13599_S67_L001_R1_001.fastq.gz,/bigdata/stajichlab/shared/projects/Rhodotorula/PopGen/Rhodotorula_mucilaginosa_DH4148_ref/input/23263Sta_EXF13599_S67_L001_R2_001.fastq.gz
EXF_13599,NA,0,EXF_13599,L002,/bigdata/stajichlab/shared/projects/Rhodotorula/PopGen/Rhodotorula_mucilaginosa_DH4148_ref/input/23263Sta_EXF13599_S67_L002_R1_001.fastq.gz,/bigdata/stajichlab/shared/projects/Rhodotorula/PopGen/Rhodotorula_mucilaginosa_DH4148_ref/input/23263Sta_EXF13599_S67_L002_R2_001.fastq.gz
EXF_13600,NA,0,EXF_13600,L001,/bigdata/stajichlab/shared/projects/Rhodotorula/PopGen/Rhodotorula_mucilaginosa_DH4148_ref/input/23263Sta_EXF13600_S10_L001_R1_001.fastq.gz,/bigdata/stajichlab/shared/projects/Rhodotorula/PopGen/Rhodotorula_mucilaginosa_DH4148_ref/input/23263Sta_EXF13600_S10_L001_R2_001.fastq.gz
EXF_13600,NA,0,EXF_13600,L002,/bigdata/stajichlab/shared/projects/Rhodotorula/PopGen/Rhodotorula_mucilaginosa_DH4148_ref/input/23263Sta_EXF13600_S10_L002_R1_001.fastq.gz,/bigdata/stajichlab/shared/projects/Rhodotorula/PopGen/Rhodotorula_mucilaginosa_DH4148_ref/input/23263Sta_EXF13600_S10_L002_R2_001.fastq.gz
EXF_13601,NA,0,EXF_13601,L001,/bigdata/stajichlab/shared/projects/Rhodotorula/PopGen/Rhodotorula_mucilaginosa_DH4148_ref/input/23263Sta_EXF13601_S91_L001_R1_001.fastq.gz,/bigdata/stajichlab/shared/projects/Rhodotorula/PopGen/Rhodotorula_mucilaginosa_DH4148_ref/input/23263Sta_EXF13601_S91_L001_R2_001.fastq.gz
EXF_13601,NA,0,EXF_13601,L002,/bigdata/stajichlab/shared/projects/Rhodotorula/PopGen/Rhodotorula_mucilaginosa_DH4148_ref/input/23263Sta_EXF13601_S91_L002_R1_001.fastq.gz,/bigdata/stajichlab/shared/projects/Rhodotorula/PopGen/Rhodotorula_mucilaginosa_DH4148_ref/input/23263Sta_EXF13601_S91_L002_R2_001.fastq.gz
EXF_13602,NA,0,EXF_13602,L001,/bigdata/stajichlab/shared/projects/Rhodotorula/PopGen/Rhodotorula_mucilaginosa_DH4148_ref/input/23263Sta_EXF13602_S41_L001_R1_001.fastq.gz,/bigdata/stajichlab/shared/projects/Rhodotorula/PopGen/Rhodotorula_mucilaginosa_DH4148_ref/input/23263Sta_EXF13602_S41_L001_R2_001.fastq.gz
EXF_13602,NA,0,EXF_13602,L002,/bigdata/stajichlab/shared/projects/Rhodotorula/PopGen/Rhodotorula_mucilaginosa_DH4148_ref/input/23263Sta_EXF13602_S41_L002_R1_001.fastq.gz,/bigdata/stajichlab/shared/projects/Rhodotorula/PopGen/Rhodotorula_mucilaginosa_DH4148_ref/input/23263Sta_EXF13602_S41_L002_R2_001.fastq.gz
EXF_13604,NA,0,EXF_13604,L001,/bigdata/stajichlab/shared/projects/Rhodotorula/PopGen/Rhodotorula_mucilaginosa_DH4148_ref/input/23263Sta_EXF13604_S4_L001_R1_001.fastq.gz,/bigdata/stajichlab/shared/projects/Rhodotorula/PopGen/Rhodotorula_mucilaginosa_DH4148_ref/input/23263Sta_EXF13604_S4_L001_R2_001.fastq.gz
EXF_13604,NA,0,EXF_13604,L002,/bigdata/stajichlab/shared/projects/Rhodotorula/PopGen/Rhodotorula_mucilaginosa_DH4148_ref/input/23263Sta_EXF13604_S4_L002_R1_001.fastq.gz,/bigdata/stajichlab/shared/projects/Rhodotorula/PopGen/Rhodotorula_mucilaginosa_DH4148_ref/input/23263Sta_EXF13604_S4_L002_R2_001.fastq.gz
EXF_14606,NA,0,EXF_14606,L001,/bigdata/stajichlab/shared/projects/Rhodotorula/PopGen/Rhodotorula_mucilaginosa_DH4148_ref/input/9003_031_S59_R1_001.fastq.gz,/bigdata/stajichlab/shared/projects/Rhodotorula/PopGen/Rhodotorula_mucilaginosa_DH4148_ref/input/9003_031_S59_R2_001.fastq.gz
EXF_1510,NA,0,EXF_1510,L001,/bigdata/stajichlab/shared/projects/Rhodotorula/PopGen/Rhodotorula_mucilaginosa_DH4148_ref/input/23263Sta_EXF1510_S71_L001_R1_001.fastq.gz,/bigdata/stajichlab/shared/projects/Rhodotorula/PopGen/Rhodotorula_mucilaginosa_DH4148_ref/input/23263Sta_EXF1510_S71_L001_R2_001.fastq.gz
EXF_1510,NA,0,EXF_1510,L002,/bigdata/stajichlab/shared/projects/Rhodotorula/PopGen/Rhodotorula_mucilaginosa_DH4148_ref/input/23263Sta_EXF1510_S71_L002_R1_001.fastq.gz,/bigdata/stajichlab/shared/projects/Rhodotorula/PopGen/Rhodotorula_mucilaginosa_DH4148_ref/input/23263Sta_EXF1510_S71_L002_R2_001.fastq.gz
EXF_1565,NA,0,EXF_1565,L001,/bigdata/stajichlab/shared/projects/Rhodotorula/PopGen/Rhodotorula_mucilaginosa_DH4148_ref/input/23263Sta_EXF1565_S52_L001_R1_001.fastq.gz,/bigdata/stajichlab/shared/projects/Rhodotorula/PopGen/Rhodotorula_mucilaginosa_DH4148_ref/input/23263Sta_EXF1565_S52_L001_R2_001.fastq.gz
EXF_1565,NA,0,EXF_1565,L002,/bigdata/stajichlab/shared/projects/Rhodotorula/PopGen/Rhodotorula_mucilaginosa_DH4148_ref/input/23263Sta_EXF1565_S52_L002_R1_001.fastq.gz,/bigdata/stajichlab/shared/projects/Rhodotorula/PopGen/Rhodotorula_mucilaginosa_DH4148_ref/input/23263Sta_EXF1565_S52_L002_R2_001.fastq.gz
EXF_1585,NA,0,EXF_1585,L001,/bigdata/stajichlab/shared/projects/Rhodotorula/PopGen/Rhodotorula_mucilaginosa_DH4148_ref/input/23263Sta_EXF1585_S36_L001_R1_001.fastq.gz,/bigdata/stajichlab/shared/projects/Rhodotorula/PopGen/Rhodotorula_mucilaginosa_DH4148_ref/input/23263Sta_EXF1585_S36_L001_R2_001.fastq.gz
EXF_1585,NA,0,EXF_1585,L002,/bigdata/stajichlab/shared/projects/Rhodotorula/PopGen/Rhodotorula_mucilaginosa_DH4148_ref/input/23263Sta_EXF1585_S36_L002_R1_001.fastq.gz,/bigdata/stajichlab/shared/projects/Rhodotorula/PopGen/Rhodotorula_mucilaginosa_DH4148_ref/input/23263Sta_EXF1585_S36_L002_R2_001.fastq.gz
EXF_1676,NA,0,EXF_1676,L001,/bigdata/stajichlab/shared/projects/Rhodotorula/PopGen/Rhodotorula_mucilaginosa_DH4148_ref/input/23263Sta_EXF1676_S45_L001_R1_001.fastq.gz,/bigdata/stajichlab/shared/projects/Rhodotorula/PopGen/Rhodotorula_mucilaginosa_DH4148_ref/input/23263Sta_EXF1676_S45_L001_R2_001.fastq.gz
EXF_1676,NA,0,EXF_1676,L002,/bigdata/stajichlab/shared/projects/Rhodotorula/PopGen/Rhodotorula_mucilaginosa_DH4148_ref/input/23263Sta_EXF1676_S45_L002_R1_001.fastq.gz,/bigdata/stajichlab/shared/projects/Rhodotorula/PopGen/Rhodotorula_mucilaginosa_DH4148_ref/input/23263Sta_EXF1676_S45_L002_R2_001.fastq.gz
EXF_1686,NA,0,EXF_1686,L001,/bigdata/stajichlab/shared/projects/Rhodotorula/PopGen/Rhodotorula_mucilaginosa_DH4148_ref/input/23263Sta_EXF1686_S93_L001_R1_001.fastq.gz,/bigdata/stajichlab/shared/projects/Rhodotorula/PopGen/Rhodotorula_mucilaginosa_DH4148_ref/input/23263Sta_EXF1686_S93_L001_R2_001.fastq.gz
EXF_1686,NA,0,EXF_1686,L002,/bigdata/stajichlab/shared/projects/Rhodotorula/PopGen/Rhodotorula_mucilaginosa_DH4148_ref/input/23263Sta_EXF1686_S93_L002_R1_001.fastq.gz,/bigdata/stajichlab/shared/projects/Rhodotorula/PopGen/Rhodotorula_mucilaginosa_DH4148_ref/input/23263Sta_EXF1686_S93_L002_R2_001.fastq.gz
EXF_1695,NA,0,EXF_1695,L001,/bigdata/stajichlab/shared/projects/Rhodotorula/PopGen/Rhodotorula_mucilaginosa_DH4148_ref/input/23263Sta_EXF1695_S5_L001_R1_001.fastq.gz,/bigdata/stajichlab/shared/projects/Rhodotorula/PopGen/Rhodotorula_mucilaginosa_DH4148_ref/input/23263Sta_EXF1695_S5_L001_R2_001.fastq.gz
EXF_1695,NA,0,EXF_1695,L002,/bigdata/stajichlab/shared/projects/Rhodotorula/PopGen/Rhodotorula_mucilaginosa_DH4148_ref/input/23263Sta_EXF1695_S5_L002_R1_001.fastq.gz,/bigdata/stajichlab/shared/projects/Rhodotorula/PopGen/Rhodotorula_mucilaginosa_DH4148_ref/input/23263Sta_EXF1695_S5_L002_R2_001.fastq.gz
EXF_1704,NA,0,EXF_1704,L001,/bigdata/stajichlab/shared/projects/Rhodotorula/PopGen/Rhodotorula_mucilaginosa_DH4148_ref/input/23263Sta_EXF1704_S15_L001_R1_001.fastq.gz,/bigdata/stajichlab/shared/projects/Rhodotorula/PopGen/Rhodotorula_mucilaginosa_DH4148_ref/input/23263Sta_EXF1704_S15_L001_R2_001.fastq.gz
EXF_1704,NA,0,EXF_1704,L002,/bigdata/stajichlab/shared/projects/Rhodotorula/PopGen/Rhodotorula_mucilaginosa_DH4148_ref/input/23263Sta_EXF1704_S15_L002_R1_001.fastq.gz,/bigdata/stajichlab/shared/projects/Rhodotorula/PopGen/Rhodotorula_mucilaginosa_DH4148_ref/input/23263Sta_EXF1704_S15_L002_R2_001.fastq.gz
EXF_17335,NA,0,EXF_17335,L001,/bigdata/stajichlab/shared/projects/Rhodotorula/PopGen/Rhodotorula_mucilaginosa_DH4148_ref/input/9003_034_S62_R1_001.fastq.gz,/bigdata/stajichlab/shared/projects/Rhodotorula/PopGen/Rhodotorula_mucilaginosa_DH4148_ref/input/9003_034_S62_R2_001.fastq.gz
EXF_2251,NA,0,EXF_2251,L001,/bigdata/stajichlab/shared/projects/Rhodotorula/PopGen/Rhodotorula_mucilaginosa_DH4148_ref/input/23263Sta_EXF2251_S179_L001_R1_001.fastq.gz,/bigdata/stajichlab/shared/projects/Rhodotorula/PopGen/Rhodotorula_mucilaginosa_DH4148_ref/input/23263Sta_EXF2251_S179_L001_R2_001.fastq.gz
EXF_2251,NA,0,EXF_2251,L002,/bigdata/stajichlab/shared/projects/Rhodotorula/PopGen/Rhodotorula_mucilaginosa_DH4148_ref/input/23263Sta_EXF2251_S179_L002_R1_001.fastq.gz,/bigdata/stajichlab/shared/projects/Rhodotorula/PopGen/Rhodotorula_mucilaginosa_DH4148_ref/input/23263Sta_EXF2251_S179_L002_R2_001.fastq.gz
EXF_3417,NA,0,EXF_3417,L001,/bigdata/stajichlab/shared/projects/Rhodotorula/PopGen/Rhodotorula_mucilaginosa_DH4148_ref/input/23263Sta_EXF3417_S175_L001_R1_001.fastq.gz,/bigdata/stajichlab/shared/projects/Rhodotorula/PopGen/Rhodotorula_mucilaginosa_DH4148_ref/input/23263Sta_EXF3417_S175_L001_R2_001.fastq.gz
EXF_3417,NA,0,EXF_3417,L002,/bigdata/stajichlab/shared/projects/Rhodotorula/PopGen/Rhodotorula_mucilaginosa_DH4148_ref/input/23263Sta_EXF3417_S175_L002_R1_001.fastq.gz,/bigdata/stajichlab/shared/projects/Rhodotorula/PopGen/Rhodotorula_mucilaginosa_DH4148_ref/input/23263Sta_EXF3417_S175_L002_R2_001.fastq.gz
EXF_3530,NA,0,EXF_3530,L001,/bigdata/stajichlab/shared/projects/Rhodotorula/PopGen/Rhodotorula_mucilaginosa_DH4148_ref/input/23263Sta_EXF3530_S86_L001_R1_001.fastq.gz,/bigdata/stajichlab/shared/projects/Rhodotorula/PopGen/Rhodotorula_mucilaginosa_DH4148_ref/input/23263Sta_EXF3530_S86_L001_R2_001.fastq.gz
EXF_3530,NA,0,EXF_3530,L002,/bigdata/stajichlab/shared/projects/Rhodotorula/PopGen/Rhodotorula_mucilaginosa_DH4148_ref/input/23263Sta_EXF3530_S86_L002_R1_001.fastq.gz,/bigdata/stajichlab/shared/projects/Rhodotorula/PopGen/Rhodotorula_mucilaginosa_DH4148_ref/input/23263Sta_EXF3530_S86_L002_R2_001.fastq.gz
EXF_3538,NA,0,EXF_3538,L001,/bigdata/stajichlab/shared/projects/Rhodotorula/PopGen/Rhodotorula_mucilaginosa_DH4148_ref/input/23263Sta_EXF3538_S18_L001_R1_001.fastq.gz,/bigdata/stajichlab/shared/projects/Rhodotorula/PopGen/Rhodotorula_mucilaginosa_DH4148_ref/input/23263Sta_EXF3538_S18_L001_R2_001.fastq.gz
EXF_3538,NA,0,EXF_3538,L002,/bigdata/stajichlab/shared/projects/Rhodotorula/PopGen/Rhodotorula_mucilaginosa_DH4148_ref/input/23263Sta_EXF3538_S18_L002_R1_001.fastq.gz,/bigdata/stajichlab/shared/projects/Rhodotorula/PopGen/Rhodotorula_mucilaginosa_DH4148_ref/input/23263Sta_EXF3538_S18_L002_R2_001.fastq.gz
EXF_3540,NA,0,EXF_3540,L001,/bigdata/stajichlab/shared/projects/Rhodotorula/PopGen/Rhodotorula_mucilaginosa_DH4148_ref/input/23263Sta_EXF3540_S33_L001_R1_001.fastq.gz,/bigdata/stajichlab/shared/projects/Rhodotorula/PopGen/Rhodotorula_mucilaginosa_DH4148_ref/input/23263Sta_EXF3540_S33_L001_R2_001.fastq.gz
EXF_3540,NA,0,EXF_3540,L002,/bigdata/stajichlab/shared/projects/Rhodotorula/PopGen/Rhodotorula_mucilaginosa_DH4148_ref/input/23263Sta_EXF3540_S33_L002_R1_001.fastq.gz,/bigdata/stajichlab/shared/projects/Rhodotorula/PopGen/Rhodotorula_mucilaginosa_DH4148_ref/input/23263Sta_EXF3540_S33_L002_R2_001.fastq.gz
EXF_3544,NA,0,EXF_3544,L001,/bigdata/stajichlab/shared/projects/Rhodotorula/PopGen/Rhodotorula_mucilaginosa_DH4148_ref/input/23263Sta_EXF3544_S173_L001_R1_001.fastq.gz,/bigdata/stajichlab/shared/projects/Rhodotorula/PopGen/Rhodotorula_mucilaginosa_DH4148_ref/input/23263Sta_EXF3544_S173_L001_R2_001.fastq.gz
EXF_3544,NA,0,EXF_3544,L002,/bigdata/stajichlab/shared/projects/Rhodotorula/PopGen/Rhodotorula_mucilaginosa_DH4148_ref/input/23263Sta_EXF3544_S173_L002_R1_001.fastq.gz,/bigdata/stajichlab/shared/projects/Rhodotorula/PopGen/Rhodotorula_mucilaginosa_DH4148_ref/input/23263Sta_EXF3544_S173_L002_R2_001.fastq.gz
EXF_3569,NA,0,EXF_3569,L001,/bigdata/stajichlab/shared/projects/Rhodotorula/PopGen/Rhodotorula_mucilaginosa_DH4148_ref/input/23263Sta_EXF3569_S62_L001_R1_001.fastq.gz,/bigdata/stajichlab/shared/projects/Rhodotorula/PopGen/Rhodotorula_mucilaginosa_DH4148_ref/input/23263Sta_EXF3569_S62_L001_R2_001.fastq.gz
EXF_3569,NA,0,EXF_3569,L002,/bigdata/stajichlab/shared/projects/Rhodotorula/PopGen/Rhodotorula_mucilaginosa_DH4148_ref/input/23263Sta_EXF3569_S62_L002_R1_001.fastq.gz,/bigdata/stajichlab/shared/projects/Rhodotorula/PopGen/Rhodotorula_mucilaginosa_DH4148_ref/input/23263Sta_EXF3569_S62_L002_R2_001.fastq.gz
EXF_3592,NA,0,EXF_3592,L001,/bigdata/stajichlab/shared/projects/Rhodotorula/PopGen/Rhodotorula_mucilaginosa_DH4148_ref/input/23263Sta_EXF3592_S183_L001_R1_001.fastq.gz,/bigdata/stajichlab/shared/projects/Rhodotorula/PopGen/Rhodotorula_mucilaginosa_DH4148_ref/input/23263Sta_EXF3592_S183_L001_R2_001.fastq.gz
EXF_3592,NA,0,EXF_3592,L002,/bigdata/stajichlab/shared/projects/Rhodotorula/PopGen/Rhodotorula_mucilaginosa_DH4148_ref/input/23263Sta_EXF3592_S183_L002_R1_001.fastq.gz,/bigdata/stajichlab/shared/projects/Rhodotorula/PopGen/Rhodotorula_mucilaginosa_DH4148_ref/input/23263Sta_EXF3592_S183_L002_R2_001.fastq.gz
EXF_3595,NA,0,EXF_3595,L001,/bigdata/stajichlab/shared/projects/Rhodotorula/PopGen/Rhodotorula_mucilaginosa_DH4148_ref/input/23263Sta_EXF3595_S29_L001_R1_001.fastq.gz,/bigdata/stajichlab/shared/projects/Rhodotorula/PopGen/Rhodotorula_mucilaginosa_DH4148_ref/input/23263Sta_EXF3595_S29_L001_R2_001.fastq.gz
EXF_3595,NA,0,EXF_3595,L002,/bigdata/stajichlab/shared/projects/Rhodotorula/PopGen/Rhodotorula_mucilaginosa_DH4148_ref/input/23263Sta_EXF3595_S29_L002_R1_001.fastq.gz,/bigdata/stajichlab/shared/projects/Rhodotorula/PopGen/Rhodotorula_mucilaginosa_DH4148_ref/input/23263Sta_EXF3595_S29_L002_R2_001.fastq.gz
EXF_3604,NA,0,EXF_3604,L001,/bigdata/stajichlab/shared/projects/Rhodotorula/PopGen/Rhodotorula_mucilaginosa_DH4148_ref/input/23263Sta_EXF3604_S84_L001_R1_001.fastq.gz,/bigdata/stajichlab/shared/projects/Rhodotorula/PopGen/Rhodotorula_mucilaginosa_DH4148_ref/input/23263Sta_EXF3604_S84_L001_R2_001.fastq.gz
EXF_3604,NA,0,EXF_3604,L002,/bigdata/stajichlab/shared/projects/Rhodotorula/PopGen/Rhodotorula_mucilaginosa_DH4148_ref/input/23263Sta_EXF3604_S84_L002_R1_001.fastq.gz,/bigdata/stajichlab/shared/projects/Rhodotorula/PopGen/Rhodotorula_mucilaginosa_DH4148_ref/input/23263Sta_EXF3604_S84_L002_R2_001.fastq.gz
EXF_3609,NA,0,EXF_3609,L001,/bigdata/stajichlab/shared/projects/Rhodotorula/PopGen/Rhodotorula_mucilaginosa_DH4148_ref/input/23263Sta_EXF3609_S20_L001_R1_001.fastq.gz,/bigdata/stajichlab/shared/projects/Rhodotorula/PopGen/Rhodotorula_mucilaginosa_DH4148_ref/input/23263Sta_EXF3609_S20_L001_R2_001.fastq.gz
EXF_3609,NA,0,EXF_3609,L002,/bigdata/stajichlab/shared/projects/Rhodotorula/PopGen/Rhodotorula_mucilaginosa_DH4148_ref/input/23263Sta_EXF3609_S20_L002_R1_001.fastq.gz,/bigdata/stajichlab/shared/projects/Rhodotorula/PopGen/Rhodotorula_mucilaginosa_DH4148_ref/input/23263Sta_EXF3609_S20_L002_R2_001.fastq.gz
EXF_3612,NA,0,EXF_3612,L001,/bigdata/stajichlab/shared/projects/Rhodotorula/PopGen/Rhodotorula_mucilaginosa_DH4148_ref/input/23263Sta_EXF3612_S9_L001_R1_001.fastq.gz,/bigdata/stajichlab/shared/projects/Rhodotorula/PopGen/Rhodotorula_mucilaginosa_DH4148_ref/input/23263Sta_EXF3612_S9_L001_R2_001.fastq.gz
EXF_3612,NA,0,EXF_3612,L002,/bigdata/stajichlab/shared/projects/Rhodotorula/PopGen/Rhodotorula_mucilaginosa_DH4148_ref/input/23263Sta_EXF3612_S9_L002_R1_001.fastq.gz,/bigdata/stajichlab/shared/projects/Rhodotorula/PopGen/Rhodotorula_mucilaginosa_DH4148_ref/input/23263Sta_EXF3612_S9_L002_R2_001.fastq.gz
EXF_3622,NA,0,EXF_3622,L001,/bigdata/stajichlab/shared/projects/Rhodotorula/PopGen/Rhodotorula_mucilaginosa_DH4148_ref/input/23263Sta_EXF3622_S27_L001_R1_001.fastq.gz,/bigdata/stajichlab/shared/projects/Rhodotorula/PopGen/Rhodotorula_mucilaginosa_DH4148_ref/input/23263Sta_EXF3622_S27_L001_R2_001.fastq.gz
EXF_3622,NA,0,EXF_3622,L002,/bigdata/stajichlab/shared/projects/Rhodotorula/PopGen/Rhodotorula_mucilaginosa_DH4148_ref/input/23263Sta_EXF3622_S27_L002_R1_001.fastq.gz,/bigdata/stajichlab/shared/projects/Rhodotorula/PopGen/Rhodotorula_mucilaginosa_DH4148_ref/input/23263Sta_EXF3622_S27_L002_R2_001.fastq.gz
EXF_3626,NA,0,EXF_3626,L001,/bigdata/stajichlab/shared/projects/Rhodotorula/PopGen/Rhodotorula_mucilaginosa_DH4148_ref/input/23263Sta_EXF3626_S17_L001_R1_001.fastq.gz,/bigdata/stajichlab/shared/projects/Rhodotorula/PopGen/Rhodotorula_mucilaginosa_DH4148_ref/input/23263Sta_EXF3626_S17_L001_R2_001.fastq.gz
EXF_3626,NA,0,EXF_3626,L002,/bigdata/stajichlab/shared/projects/Rhodotorula/PopGen/Rhodotorula_mucilaginosa_DH4148_ref/input/23263Sta_EXF3626_S17_L002_R1_001.fastq.gz,/bigdata/stajichlab/shared/projects/Rhodotorula/PopGen/Rhodotorula_mucilaginosa_DH4148_ref/input/23263Sta_EXF3626_S17_L002_R2_001.fastq.gz
EXF_3629,NA,0,EXF_3629,L001,/bigdata/stajichlab/shared/projects/Rhodotorula/PopGen/Rhodotorula_mucilaginosa_DH4148_ref/input/23263Sta_EXF3629_S39_L001_R1_001.fastq.gz,/bigdata/stajichlab/shared/projects/Rhodotorula/PopGen/Rhodotorula_mucilaginosa_DH4148_ref/input/23263Sta_EXF3629_S39_L001_R2_001.fastq.gz
EXF_3629,NA,0,EXF_3629,L002,/bigdata/stajichlab/shared/projects/Rhodotorula/PopGen/Rhodotorula_mucilaginosa_DH4148_ref/input/23263Sta_EXF3629_S39_L002_R1_001.fastq.gz,/bigdata/stajichlab/shared/projects/Rhodotorula/PopGen/Rhodotorula_mucilaginosa_DH4148_ref/input/23263Sta_EXF3629_S39_L002_R2_001.fastq.gz
EXF_3633,NA,0,EXF_3633,L001,/bigdata/stajichlab/shared/projects/Rhodotorula/PopGen/Rhodotorula_mucilaginosa_DH4148_ref/input/23263Sta_EXF3633_S74_L001_R1_001.fastq.gz,/bigdata/stajichlab/shared/projects/Rhodotorula/PopGen/Rhodotorula_mucilaginosa_DH4148_ref/input/23263Sta_EXF3633_S74_L001_R2_001.fastq.gz
EXF_3633,NA,0,EXF_3633,L002,/bigdata/stajichlab/shared/projects/Rhodotorula/PopGen/Rhodotorula_mucilaginosa_DH4148_ref/input/23263Sta_EXF3633_S74_L002_R1_001.fastq.gz,/bigdata/stajichlab/shared/projects/Rhodotorula/PopGen/Rhodotorula_mucilaginosa_DH4148_ref/input/23263Sta_EXF3633_S74_L002_R2_001.fastq.gz
EXF_3790,NA,0,EXF_3790,L001,/bigdata/stajichlab/shared/projects/Rhodotorula/PopGen/Rhodotorula_mucilaginosa_DH4148_ref/input/23263Sta_EXF3790_S30_L001_R1_001.fastq.gz,/bigdata/stajichlab/shared/projects/Rhodotorula/PopGen/Rhodotorula_mucilaginosa_DH4148_ref/input/23263Sta_EXF3790_S30_L001_R2_001.fastq.gz
EXF_3790,NA,0,EXF_3790,L002,/bigdata/stajichlab/shared/projects/Rhodotorula/PopGen/Rhodotorula_mucilaginosa_DH4148_ref/input/23263Sta_EXF3790_S30_L002_R1_001.fastq.gz,/bigdata/stajichlab/shared/projects/Rhodotorula/PopGen/Rhodotorula_mucilaginosa_DH4148_ref/input/23263Sta_EXF3790_S30_L002_R2_001.fastq.gz
EXF_3860,NA,0,EXF_3860,L001,/bigdata/stajichlab/shared/projects/Rhodotorula/PopGen/Rhodotorula_mucilaginosa_DH4148_ref/input/23263Sta_EXF3860_S59_L001_R1_001.fastq.gz,/bigdata/stajichlab/shared/projects/Rhodotorula/PopGen/Rhodotorula_mucilaginosa_DH4148_ref/input/23263Sta_EXF3860_S59_L001_R2_001.fastq.gz
EXF_3860,NA,0,EXF_3860,L002,/bigdata/stajichlab/shared/projects/Rhodotorula/PopGen/Rhodotorula_mucilaginosa_DH4148_ref/input/23263Sta_EXF3860_S59_L002_R1_001.fastq.gz,/bigdata/stajichlab/shared/projects/Rhodotorula/PopGen/Rhodotorula_mucilaginosa_DH4148_ref/input/23263Sta_EXF3860_S59_L002_R2_001.fastq.gz
EXF_3861,NA,0,EXF_3861,L001,/bigdata/stajichlab/shared/projects/Rhodotorula/PopGen/Rhodotorula_mucilaginosa_DH4148_ref/input/23263Sta_EXF3861_S43_L001_R1_001.fastq.gz,/bigdata/stajichlab/shared/projects/Rhodotorula/PopGen/Rhodotorula_mucilaginosa_DH4148_ref/input/23263Sta_EXF3861_S43_L001_R2_001.fastq.gz
EXF_3861,NA,0,EXF_3861,L002,/bigdata/stajichlab/shared/projects/Rhodotorula/PopGen/Rhodotorula_mucilaginosa_DH4148_ref/input/23263Sta_EXF3861_S43_L002_R1_001.fastq.gz,/bigdata/stajichlab/shared/projects/Rhodotorula/PopGen/Rhodotorula_mucilaginosa_DH4148_ref/input/23263Sta_EXF3861_S43_L002_R2_001.fastq.gz
EXF_3862,NA,0,EXF_3862,L001,/bigdata/stajichlab/shared/projects/Rhodotorula/PopGen/Rhodotorula_mucilaginosa_DH4148_ref/input/23263Sta_EXF3862_S88_L001_R1_001.fastq.gz,/bigdata/stajichlab/shared/projects/Rhodotorula/PopGen/Rhodotorula_mucilaginosa_DH4148_ref/input/23263Sta_EXF3862_S88_L001_R2_001.fastq.gz
EXF_3862,NA,0,EXF_3862,L002,/bigdata/stajichlab/shared/projects/Rhodotorula/PopGen/Rhodotorula_mucilaginosa_DH4148_ref/input/23263Sta_EXF3862_S88_L002_R1_001.fastq.gz,/bigdata/stajichlab/shared/projects/Rhodotorula/PopGen/Rhodotorula_mucilaginosa_DH4148_ref/input/23263Sta_EXF3862_S88_L002_R2_001.fastq.gz
EXF_4885,NA,0,EXF_4885,L001,/bigdata/stajichlab/shared/projects/Rhodotorula/PopGen/Rhodotorula_mucilaginosa_DH4148_ref/input/23263Sta_EXF4885_S69_L001_R1_001.fastq.gz,/bigdata/stajichlab/shared/projects/Rhodotorula/PopGen/Rhodotorula_mucilaginosa_DH4148_ref/input/23263Sta_EXF4885_S69_L001_R2_001.fastq.gz
EXF_4885,NA,0,EXF_4885,L002,/bigdata/stajichlab/shared/projects/Rhodotorula/PopGen/Rhodotorula_mucilaginosa_DH4148_ref/input/23263Sta_EXF4885_S69_L002_R1_001.fastq.gz,/bigdata/stajichlab/shared/projects/Rhodotorula/PopGen/Rhodotorula_mucilaginosa_DH4148_ref/input/23263Sta_EXF4885_S69_L002_R2_001.fastq.gz
EXF_5546,NA,0,EXF_5546,L001,/bigdata/stajichlab/shared/projects/Rhodotorula/PopGen/Rhodotorula_mucilaginosa_DH4148_ref/input/23263Sta_EXF5546_S76_L001_R1_001.fastq.gz,/bigdata/stajichlab/shared/projects/Rhodotorula/PopGen/Rhodotorula_mucilaginosa_DH4148_ref/input/23263Sta_EXF5546_S76_L001_R2_001.fastq.gz
EXF_5546,NA,0,EXF_5546,L002,/bigdata/stajichlab/shared/projects/Rhodotorula/PopGen/Rhodotorula_mucilaginosa_DH4148_ref/input/23263Sta_EXF5546_S76_L002_R1_001.fastq.gz,/bigdata/stajichlab/shared/projects/Rhodotorula/PopGen/Rhodotorula_mucilaginosa_DH4148_ref/input/23263Sta_EXF5546_S76_L002_R2_001.fastq.gz
EXF_5666,NA,0,EXF_5666,L001,/bigdata/stajichlab/shared/projects/Rhodotorula/PopGen/Rhodotorula_mucilaginosa_DH4148_ref/input/23263Sta_EXF5666_S37_L001_R1_001.fastq.gz,/bigdata/stajichlab/shared/projects/Rhodotorula/PopGen/Rhodotorula_mucilaginosa_DH4148_ref/input/23263Sta_EXF5666_S37_L001_R2_001.fastq.gz
EXF_5666,NA,0,EXF_5666,L002,/bigdata/stajichlab/shared/projects/Rhodotorula/PopGen/Rhodotorula_mucilaginosa_DH4148_ref/input/23263Sta_EXF5666_S37_L002_R1_001.fastq.gz,/bigdata/stajichlab/shared/projects/Rhodotorula/PopGen/Rhodotorula_mucilaginosa_DH4148_ref/input/23263Sta_EXF5666_S37_L002_R2_001.fastq.gz
EXF_5668,NA,0,EXF_5668,L001,/bigdata/stajichlab/shared/projects/Rhodotorula/PopGen/Rhodotorula_mucilaginosa_DH4148_ref/input/23263Sta_EXF5668_S68_L001_R1_001.fastq.gz,/bigdata/stajichlab/shared/projects/Rhodotorula/PopGen/Rhodotorula_mucilaginosa_DH4148_ref/input/23263Sta_EXF5668_S68_L001_R2_001.fastq.gz
EXF_5668,NA,0,EXF_5668,L002,/bigdata/stajichlab/shared/projects/Rhodotorula/PopGen/Rhodotorula_mucilaginosa_DH4148_ref/input/23263Sta_EXF5668_S68_L002_R1_001.fastq.gz,/bigdata/stajichlab/shared/projects/Rhodotorula/PopGen/Rhodotorula_mucilaginosa_DH4148_ref/input/23263Sta_EXF5668_S68_L002_R2_001.fastq.gz
EXF_5775,NA,0,EXF_5775,L001,/bigdata/stajichlab/shared/projects/Rhodotorula/PopGen/Rhodotorula_mucilaginosa_DH4148_ref/input/23263Sta_EXF5775_S83_L001_R1_001.fastq.gz,/bigdata/stajichlab/shared/projects/Rhodotorula/PopGen/Rhodotorula_mucilaginosa_DH4148_ref/input/23263Sta_EXF5775_S83_L001_R2_001.fastq.gz
EXF_5775,NA,0,EXF_5775,L002,/bigdata/stajichlab/shared/projects/Rhodotorula/PopGen/Rhodotorula_mucilaginosa_DH4148_ref/input/23263Sta_EXF5775_S83_L002_R1_001.fastq.gz,/bigdata/stajichlab/shared/projects/Rhodotorula/PopGen/Rhodotorula_mucilaginosa_DH4148_ref/input/23263Sta_EXF5775_S83_L002_R2_001.fastq.gz
EXF_5938,NA,0,EXF_5938,L001,/bigdata/stajichlab/shared/projects/Rhodotorula/PopGen/Rhodotorula_mucilaginosa_DH4148_ref/input/23263Sta_EXF5938_S66_L001_R1_001.fastq.gz,/bigdata/stajichlab/shared/projects/Rhodotorula/PopGen/Rhodotorula_mucilaginosa_DH4148_ref/input/23263Sta_EXF5938_S66_L001_R2_001.fastq.gz
EXF_5938,NA,0,EXF_5938,L002,/bigdata/stajichlab/shared/projects/Rhodotorula/PopGen/Rhodotorula_mucilaginosa_DH4148_ref/input/23263Sta_EXF5938_S66_L002_R1_001.fastq.gz,/bigdata/stajichlab/shared/projects/Rhodotorula/PopGen/Rhodotorula_mucilaginosa_DH4148_ref/input/23263Sta_EXF5938_S66_L002_R2_001.fastq.gz
EXF_5939,NA,0,EXF_5939,L001,/bigdata/stajichlab/shared/projects/Rhodotorula/PopGen/Rhodotorula_mucilaginosa_DH4148_ref/input/23263Sta_EXF5939_S23_L001_R1_001.fastq.gz,/bigdata/stajichlab/shared/projects/Rhodotorula/PopGen/Rhodotorula_mucilaginosa_DH4148_ref/input/23263Sta_EXF5939_S23_L001_R2_001.fastq.gz
EXF_5939,NA,0,EXF_5939,L002,/bigdata/stajichlab/shared/projects/Rhodotorula/PopGen/Rhodotorula_mucilaginosa_DH4148_ref/input/23263Sta_EXF5939_S23_L002_R1_001.fastq.gz,/bigdata/stajichlab/shared/projects/Rhodotorula/PopGen/Rhodotorula_mucilaginosa_DH4148_ref/input/23263Sta_EXF5939_S23_L002_R2_001.fastq.gz
EXF_5940,NA,0,EXF_5940,L001,/bigdata/stajichlab/shared/projects/Rhodotorula/PopGen/Rhodotorula_mucilaginosa_DH4148_ref/input/23263Sta_EXF5940_S54_L001_R1_001.fastq.gz,/bigdata/stajichlab/shared/projects/Rhodotorula/PopGen/Rhodotorula_mucilaginosa_DH4148_ref/input/23263Sta_EXF5940_S54_L001_R2_001.fastq.gz
EXF_5940,NA,0,EXF_5940,L002,/bigdata/stajichlab/shared/projects/Rhodotorula/PopGen/Rhodotorula_mucilaginosa_DH4148_ref/input/23263Sta_EXF5940_S54_L002_R1_001.fastq.gz,/bigdata/stajichlab/shared/projects/Rhodotorula/PopGen/Rhodotorula_mucilaginosa_DH4148_ref/input/23263Sta_EXF5940_S54_L002_R2_001.fastq.gz
EXF_5941,NA,0,EXF_5941,L001,/bigdata/stajichlab/shared/projects/Rhodotorula/PopGen/Rhodotorula_mucilaginosa_DH4148_ref/input/23263Sta_EXF5941_S57_L001_R1_001.fastq.gz,/bigdata/stajichlab/shared/projects/Rhodotorula/PopGen/Rhodotorula_mucilaginosa_DH4148_ref/input/23263Sta_EXF5941_S57_L001_R2_001.fastq.gz
EXF_5941,NA,0,EXF_5941,L002,/bigdata/stajichlab/shared/projects/Rhodotorula/PopGen/Rhodotorula_mucilaginosa_DH4148_ref/input/23263Sta_EXF5941_S57_L002_R1_001.fastq.gz,/bigdata/stajichlab/shared/projects/Rhodotorula/PopGen/Rhodotorula_mucilaginosa_DH4148_ref/input/23263Sta_EXF5941_S57_L002_R2_001.fastq.gz
EXF_6243,NA,0,EXF_6243,L001,/bigdata/stajichlab/shared/projects/Rhodotorula/PopGen/Rhodotorula_mucilaginosa_DH4148_ref/input/23263Sta_EXF6243_S94_L001_R1_001.fastq.gz,/bigdata/stajichlab/shared/projects/Rhodotorula/PopGen/Rhodotorula_mucilaginosa_DH4148_ref/input/23263Sta_EXF6243_S94_L001_R2_001.fastq.gz
EXF_6243,NA,0,EXF_6243,L002,/bigdata/stajichlab/shared/projects/Rhodotorula/PopGen/Rhodotorula_mucilaginosa_DH4148_ref/input/23263Sta_EXF6243_S94_L002_R1_001.fastq.gz,/bigdata/stajichlab/shared/projects/Rhodotorula/PopGen/Rhodotorula_mucilaginosa_DH4148_ref/input/23263Sta_EXF6243_S94_L002_R2_001.fastq.gz
EXF_6252,NA,0,EXF_6252,L001,/bigdata/stajichlab/shared/projects/Rhodotorula/PopGen/Rhodotorula_mucilaginosa_DH4148_ref/input/23263Sta_EXF6252_S182_L001_R1_001.fastq.gz,/bigdata/stajichlab/shared/projects/Rhodotorula/PopGen/Rhodotorula_mucilaginosa_DH4148_ref/input/23263Sta_EXF6252_S182_L001_R2_001.fastq.gz
EXF_6252,NA,0,EXF_6252,L002,/bigdata/stajichlab/shared/projects/Rhodotorula/PopGen/Rhodotorula_mucilaginosa_DH4148_ref/input/23263Sta_EXF6252_S182_L002_R1_001.fastq.gz,/bigdata/stajichlab/shared/projects/Rhodotorula/PopGen/Rhodotorula_mucilaginosa_DH4148_ref/input/23263Sta_EXF6252_S182_L002_R2_001.fastq.gz
EXF_6325,NA,0,EXF_6325,L001,/bigdata/stajichlab/shared/projects/Rhodotorula/PopGen/Rhodotorula_mucilaginosa_DH4148_ref/input/23263Sta_EXF6325_S89_L001_R1_001.fastq.gz,/bigdata/stajichlab/shared/projects/Rhodotorula/PopGen/Rhodotorula_mucilaginosa_DH4148_ref/input/23263Sta_EXF6325_S89_L001_R2_001.fastq.gz
EXF_6325,NA,0,EXF_6325,L002,/bigdata/stajichlab/shared/projects/Rhodotorula/PopGen/Rhodotorula_mucilaginosa_DH4148_ref/input/23263Sta_EXF6325_S89_L002_R1_001.fastq.gz,/bigdata/stajichlab/shared/projects/Rhodotorula/PopGen/Rhodotorula_mucilaginosa_DH4148_ref/input/23263Sta_EXF6325_S89_L002_R2_001.fastq.gz
EXF_6360,NA,0,EXF_6360,L001,/bigdata/stajichlab/shared/projects/Rhodotorula/PopGen/Rhodotorula_mucilaginosa_DH4148_ref/input/23263Sta_EXF6360_S46_L001_R1_001.fastq.gz,/bigdata/stajichlab/shared/projects/Rhodotorula/PopGen/Rhodotorula_mucilaginosa_DH4148_ref/input/23263Sta_EXF6360_S46_L001_R2_001.fastq.gz
EXF_6360,NA,0,EXF_6360,L002,/bigdata/stajichlab/shared/projects/Rhodotorula/PopGen/Rhodotorula_mucilaginosa_DH4148_ref/input/23263Sta_EXF6360_S46_L002_R1_001.fastq.gz,/bigdata/stajichlab/shared/projects/Rhodotorula/PopGen/Rhodotorula_mucilaginosa_DH4148_ref/input/23263Sta_EXF6360_S46_L002_R2_001.fastq.gz
EXF_6370,NA,0,EXF_6370,L001,/bigdata/stajichlab/shared/projects/Rhodotorula/PopGen/Rhodotorula_mucilaginosa_DH4148_ref/input/23263Sta_EXF6370_S38_L001_R1_001.fastq.gz,/bigdata/stajichlab/shared/projects/Rhodotorula/PopGen/Rhodotorula_mucilaginosa_DH4148_ref/input/23263Sta_EXF6370_S38_L001_R2_001.fastq.gz
EXF_6370,NA,0,EXF_6370,L002,/bigdata/stajichlab/shared/projects/Rhodotorula/PopGen/Rhodotorula_mucilaginosa_DH4148_ref/input/23263Sta_EXF6370_S38_L002_R1_001.fastq.gz,/bigdata/stajichlab/shared/projects/Rhodotorula/PopGen/Rhodotorula_mucilaginosa_DH4148_ref/input/23263Sta_EXF6370_S38_L002_R2_001.fastq.gz
EXF_6373,NA,0,EXF_6373,L001,/bigdata/stajichlab/shared/projects/Rhodotorula/PopGen/Rhodotorula_mucilaginosa_DH4148_ref/input/23263Sta_EXF6373_S26_L001_R1_001.fastq.gz,/bigdata/stajichlab/shared/projects/Rhodotorula/PopGen/Rhodotorula_mucilaginosa_DH4148_ref/input/23263Sta_EXF6373_S26_L001_R2_001.fastq.gz
EXF_6373,NA,0,EXF_6373,L002,/bigdata/stajichlab/shared/projects/Rhodotorula/PopGen/Rhodotorula_mucilaginosa_DH4148_ref/input/23263Sta_EXF6373_S26_L002_R1_001.fastq.gz,/bigdata/stajichlab/shared/projects/Rhodotorula/PopGen/Rhodotorula_mucilaginosa_DH4148_ref/input/23263Sta_EXF6373_S26_L002_R2_001.fastq.gz
EXF_7386,NA,0,EXF_7386,L001,/bigdata/stajichlab/shared/projects/Rhodotorula/PopGen/Rhodotorula_mucilaginosa_DH4148_ref/input/23263Sta_EXF7386_S79_L001_R1_001.fastq.gz,/bigdata/stajichlab/shared/projects/Rhodotorula/PopGen/Rhodotorula_mucilaginosa_DH4148_ref/input/23263Sta_EXF7386_S79_L001_R2_001.fastq.gz
EXF_7386,NA,0,EXF_7386,L002,/bigdata/stajichlab/shared/projects/Rhodotorula/PopGen/Rhodotorula_mucilaginosa_DH4148_ref/input/23263Sta_EXF7386_S79_L002_R1_001.fastq.gz,/bigdata/stajichlab/shared/projects/Rhodotorula/PopGen/Rhodotorula_mucilaginosa_DH4148_ref/input/23263Sta_EXF7386_S79_L002_R2_001.fastq.gz
EXF_7920,NA,0,EXF_7920,L001,/bigdata/stajichlab/shared/projects/Rhodotorula/PopGen/Rhodotorula_mucilaginosa_DH4148_ref/input/23263Sta_EXF7920_S49_L001_R1_001.fastq.gz,/bigdata/stajichlab/shared/projects/Rhodotorula/PopGen/Rhodotorula_mucilaginosa_DH4148_ref/input/23263Sta_EXF7920_S49_L001_R2_001.fastq.gz
EXF_7920,NA,0,EXF_7920,L002,/bigdata/stajichlab/shared/projects/Rhodotorula/PopGen/Rhodotorula_mucilaginosa_DH4148_ref/input/23263Sta_EXF7920_S49_L002_R1_001.fastq.gz,/bigdata/stajichlab/shared/projects/Rhodotorula/PopGen/Rhodotorula_mucilaginosa_DH4148_ref/input/23263Sta_EXF7920_S49_L002_R2_001.fastq.gz
EXF_7931,NA,0,EXF_7931,L001,/bigdata/stajichlab/shared/projects/Rhodotorula/PopGen/Rhodotorula_mucilaginosa_DH4148_ref/input/23263Sta_EXF7931_S174_L001_R1_001.fastq.gz,/bigdata/stajichlab/shared/projects/Rhodotorula/PopGen/Rhodotorula_mucilaginosa_DH4148_ref/input/23263Sta_EXF7931_S174_L001_R2_001.fastq.gz
EXF_7931,NA,0,EXF_7931,L002,/bigdata/stajichlab/shared/projects/Rhodotorula/PopGen/Rhodotorula_mucilaginosa_DH4148_ref/input/23263Sta_EXF7931_S174_L002_R1_001.fastq.gz,/bigdata/stajichlab/shared/projects/Rhodotorula/PopGen/Rhodotorula_mucilaginosa_DH4148_ref/input/23263Sta_EXF7931_S174_L002_R2_001.fastq.gz
EXF_7934,NA,0,EXF_7934,L001,/bigdata/stajichlab/shared/projects/Rhodotorula/PopGen/Rhodotorula_mucilaginosa_DH4148_ref/input/23263Sta_EXF7934_S51_L001_R1_001.fastq.gz,/bigdata/stajichlab/shared/projects/Rhodotorula/PopGen/Rhodotorula_mucilaginosa_DH4148_ref/input/23263Sta_EXF7934_S51_L001_R2_001.fastq.gz
EXF_7934,NA,0,EXF_7934,L002,/bigdata/stajichlab/shared/projects/Rhodotorula/PopGen/Rhodotorula_mucilaginosa_DH4148_ref/input/23263Sta_EXF7934_S51_L002_R1_001.fastq.gz,/bigdata/stajichlab/shared/projects/Rhodotorula/PopGen/Rhodotorula_mucilaginosa_DH4148_ref/input/23263Sta_EXF7934_S51_L002_R2_001.fastq.gz
EXF_7944,NA,0,EXF_7944,L001,/bigdata/stajichlab/shared/projects/Rhodotorula/PopGen/Rhodotorula_mucilaginosa_DH4148_ref/input/23263Sta_EXF7944_S176_L001_R1_001.fastq.gz,/bigdata/stajichlab/shared/projects/Rhodotorula/PopGen/Rhodotorula_mucilaginosa_DH4148_ref/input/23263Sta_EXF7944_S176_L001_R2_001.fastq.gz
EXF_7944,NA,0,EXF_7944,L002,/bigdata/stajichlab/shared/projects/Rhodotorula/PopGen/Rhodotorula_mucilaginosa_DH4148_ref/input/23263Sta_EXF7944_S176_L002_R1_001.fastq.gz,/bigdata/stajichlab/shared/projects/Rhodotorula/PopGen/Rhodotorula_mucilaginosa_DH4148_ref/input/23263Sta_EXF7944_S176_L002_R2_001.fastq.gz
EXF_7949,NA,0,EXF_7949,L001,/bigdata/stajichlab/shared/projects/Rhodotorula/PopGen/Rhodotorula_mucilaginosa_DH4148_ref/input/23263Sta_EXF7949_S75_L001_R1_001.fastq.gz,/bigdata/stajichlab/shared/projects/Rhodotorula/PopGen/Rhodotorula_mucilaginosa_DH4148_ref/input/23263Sta_EXF7949_S75_L001_R2_001.fastq.gz
EXF_7949,NA,0,EXF_7949,L002,/bigdata/stajichlab/shared/projects/Rhodotorula/PopGen/Rhodotorula_mucilaginosa_DH4148_ref/input/23263Sta_EXF7949_S75_L002_R1_001.fastq.gz,/bigdata/stajichlab/shared/projects/Rhodotorula/PopGen/Rhodotorula_mucilaginosa_DH4148_ref/input/23263Sta_EXF7949_S75_L002_R2_001.fastq.gz
EXF_8006,NA,0,EXF_8006,L001,/bigdata/stajichlab/shared/projects/Rhodotorula/PopGen/Rhodotorula_mucilaginosa_DH4148_ref/input/23263Sta_EXF8006_S90_L001_R1_001.fastq.gz,/bigdata/stajichlab/shared/projects/Rhodotorula/PopGen/Rhodotorula_mucilaginosa_DH4148_ref/input/23263Sta_EXF8006_S90_L001_R2_001.fastq.gz
EXF_8006,NA,0,EXF_8006,L002,/bigdata/stajichlab/shared/projects/Rhodotorula/PopGen/Rhodotorula_mucilaginosa_DH4148_ref/input/23263Sta_EXF8006_S90_L002_R1_001.fastq.gz,/bigdata/stajichlab/shared/projects/Rhodotorula/PopGen/Rhodotorula_mucilaginosa_DH4148_ref/input/23263Sta_EXF8006_S90_L002_R2_001.fastq.gz
EXF_8014,NA,0,EXF_8014,L001,/bigdata/stajichlab/shared/projects/Rhodotorula/PopGen/Rhodotorula_mucilaginosa_DH4148_ref/input/23263Sta_EXF8014_S12_L001_R1_001.fastq.gz,/bigdata/stajichlab/shared/projects/Rhodotorula/PopGen/Rhodotorula_mucilaginosa_DH4148_ref/input/23263Sta_EXF8014_S12_L001_R2_001.fastq.gz
EXF_8014,NA,0,EXF_8014,L002,/bigdata/stajichlab/shared/projects/Rhodotorula/PopGen/Rhodotorula_mucilaginosa_DH4148_ref/input/23263Sta_EXF8014_S12_L002_R1_001.fastq.gz,/bigdata/stajichlab/shared/projects/Rhodotorula/PopGen/Rhodotorula_mucilaginosa_DH4148_ref/input/23263Sta_EXF8014_S12_L002_R2_001.fastq.gz
EXF_8109,NA,0,EXF_8109,L001,/bigdata/stajichlab/shared/projects/Rhodotorula/PopGen/Rhodotorula_mucilaginosa_DH4148_ref/input/23263Sta_EXF8109_S19_L001_R1_001.fastq.gz,/bigdata/stajichlab/shared/projects/Rhodotorula/PopGen/Rhodotorula_mucilaginosa_DH4148_ref/input/23263Sta_EXF8109_S19_L001_R2_001.fastq.gz
EXF_8109,NA,0,EXF_8109,L002,/bigdata/stajichlab/shared/projects/Rhodotorula/PopGen/Rhodotorula_mucilaginosa_DH4148_ref/input/23263Sta_EXF8109_S19_L002_R1_001.fastq.gz,/bigdata/stajichlab/shared/projects/Rhodotorula/PopGen/Rhodotorula_mucilaginosa_DH4148_ref/input/23263Sta_EXF8109_S19_L002_R2_001.fastq.gz
EXF_8151,NA,0,EXF_8151,L001,/bigdata/stajichlab/shared/projects/Rhodotorula/PopGen/Rhodotorula_mucilaginosa_DH4148_ref/input/23263Sta_EXF8151_S13_L001_R1_001.fastq.gz,/bigdata/stajichlab/shared/projects/Rhodotorula/PopGen/Rhodotorula_mucilaginosa_DH4148_ref/input/23263Sta_EXF8151_S13_L001_R2_001.fastq.gz
EXF_8151,NA,0,EXF_8151,L002,/bigdata/stajichlab/shared/projects/Rhodotorula/PopGen/Rhodotorula_mucilaginosa_DH4148_ref/input/23263Sta_EXF8151_S13_L002_R1_001.fastq.gz,/bigdata/stajichlab/shared/projects/Rhodotorula/PopGen/Rhodotorula_mucilaginosa_DH4148_ref/input/23263Sta_EXF8151_S13_L002_R2_001.fastq.gz
EXF_8155,NA,0,EXF_8155,L001,/bigdata/stajichlab/shared/projects/Rhodotorula/PopGen/Rhodotorula_mucilaginosa_DH4148_ref/input/23263Sta_EXF8155_S8_L001_R1_001.fastq.gz,/bigdata/stajichlab/shared/projects/Rhodotorula/PopGen/Rhodotorula_mucilaginosa_DH4148_ref/input/23263Sta_EXF8155_S8_L001_R2_001.fastq.gz
EXF_8155,NA,0,EXF_8155,L002,/bigdata/stajichlab/shared/projects/Rhodotorula/PopGen/Rhodotorula_mucilaginosa_DH4148_ref/input/23263Sta_EXF8155_S8_L002_R1_001.fastq.gz,/bigdata/stajichlab/shared/projects/Rhodotorula/PopGen/Rhodotorula_mucilaginosa_DH4148_ref/input/23263Sta_EXF8155_S8_L002_R2_001.fastq.gz
EXF_8254,NA,0,EXF_8254,L001,/bigdata/stajichlab/shared/projects/Rhodotorula/PopGen/Rhodotorula_mucilaginosa_DH4148_ref/input/23263Sta_EXF8254_S16_L001_R1_001.fastq.gz,/bigdata/stajichlab/shared/projects/Rhodotorula/PopGen/Rhodotorula_mucilaginosa_DH4148_ref/input/23263Sta_EXF8254_S16_L001_R2_001.fastq.gz
EXF_8254,NA,0,EXF_8254,L002,/bigdata/stajichlab/shared/projects/Rhodotorula/PopGen/Rhodotorula_mucilaginosa_DH4148_ref/input/23263Sta_EXF8254_S16_L002_R1_001.fastq.gz,/bigdata/stajichlab/shared/projects/Rhodotorula/PopGen/Rhodotorula_mucilaginosa_DH4148_ref/input/23263Sta_EXF8254_S16_L002_R2_001.fastq.gz
EXF_8395,NA,0,EXF_8395,L001,/bigdata/stajichlab/shared/projects/Rhodotorula/PopGen/Rhodotorula_mucilaginosa_DH4148_ref/input/23263Sta_EXF8395_S53_L001_R1_001.fastq.gz,/bigdata/stajichlab/shared/projects/Rhodotorula/PopGen/Rhodotorula_mucilaginosa_DH4148_ref/input/23263Sta_EXF8395_S53_L001_R2_001.fastq.gz
EXF_8395,NA,0,EXF_8395,L002,/bigdata/stajichlab/shared/projects/Rhodotorula/PopGen/Rhodotorula_mucilaginosa_DH4148_ref/input/23263Sta_EXF8395_S53_L002_R1_001.fastq.gz,/bigdata/stajichlab/shared/projects/Rhodotorula/PopGen/Rhodotorula_mucilaginosa_DH4148_ref/input/23263Sta_EXF8395_S53_L002_R2_001.fastq.gz
EXF_8400,NA,0,EXF_8400,L001,/bigdata/stajichlab/shared/projects/Rhodotorula/PopGen/Rhodotorula_mucilaginosa_DH4148_ref/input/23263Sta_EXF8400_S7_L001_R1_001.fastq.gz,/bigdata/stajichlab/shared/projects/Rhodotorula/PopGen/Rhodotorula_mucilaginosa_DH4148_ref/input/23263Sta_EXF8400_S7_L001_R2_001.fastq.gz
EXF_8400,NA,0,EXF_8400,L002,/bigdata/stajichlab/shared/projects/Rhodotorula/PopGen/Rhodotorula_mucilaginosa_DH4148_ref/input/23263Sta_EXF8400_S7_L002_R1_001.fastq.gz,/bigdata/stajichlab/shared/projects/Rhodotorula/PopGen/Rhodotorula_mucilaginosa_DH4148_ref/input/23263Sta_EXF8400_S7_L002_R2_001.fastq.gz
EXF_8463,NA,0,EXF_8463,L001,/bigdata/stajichlab/shared/projects/Rhodotorula/PopGen/Rhodotorula_mucilaginosa_DH4148_ref/input/23263Sta_EXF8463_S63_L001_R1_001.fastq.gz,/bigdata/stajichlab/shared/projects/Rhodotorula/PopGen/Rhodotorula_mucilaginosa_DH4148_ref/input/23263Sta_EXF8463_S63_L001_R2_001.fastq.gz
EXF_8463,NA,0,EXF_8463,L002,/bigdata/stajichlab/shared/projects/Rhodotorula/PopGen/Rhodotorula_mucilaginosa_DH4148_ref/input/23263Sta_EXF8463_S63_L002_R1_001.fastq.gz,/bigdata/stajichlab/shared/projects/Rhodotorula/PopGen/Rhodotorula_mucilaginosa_DH4148_ref/input/23263Sta_EXF8463_S63_L002_R2_001.fastq.gz
EXF_8464,NA,0,EXF_8464,L001,/bigdata/stajichlab/shared/projects/Rhodotorula/PopGen/Rhodotorula_mucilaginosa_DH4148_ref/input/23263Sta_EXF8464_S172_L001_R1_001.fastq.gz,/bigdata/stajichlab/shared/projects/Rhodotorula/PopGen/Rhodotorula_mucilaginosa_DH4148_ref/input/23263Sta_EXF8464_S172_L001_R2_001.fastq.gz
EXF_8464,NA,0,EXF_8464,L002,/bigdata/stajichlab/shared/projects/Rhodotorula/PopGen/Rhodotorula_mucilaginosa_DH4148_ref/input/23263Sta_EXF8464_S172_L002_R1_001.fastq.gz,/bigdata/stajichlab/shared/projects/Rhodotorula/PopGen/Rhodotorula_mucilaginosa_DH4148_ref/input/23263Sta_EXF8464_S172_L002_R2_001.fastq.gz
EXF_8465,NA,0,EXF_8465,L001,/bigdata/stajichlab/shared/projects/Rhodotorula/PopGen/Rhodotorula_mucilaginosa_DH4148_ref/input/23263Sta_EXF8465_S81_L001_R1_001.fastq.gz,/bigdata/stajichlab/shared/projects/Rhodotorula/PopGen/Rhodotorula_mucilaginosa_DH4148_ref/input/23263Sta_EXF8465_S81_L001_R2_001.fastq.gz
EXF_8465,NA,0,EXF_8465,L002,/bigdata/stajichlab/shared/projects/Rhodotorula/PopGen/Rhodotorula_mucilaginosa_DH4148_ref/input/23263Sta_EXF8465_S81_L002_R1_001.fastq.gz,/bigdata/stajichlab/shared/projects/Rhodotorula/PopGen/Rhodotorula_mucilaginosa_DH4148_ref/input/23263Sta_EXF8465_S81_L002_R2_001.fastq.gz
EXF_8891,NA,0,EXF_8891,L001,/bigdata/stajichlab/shared/projects/Rhodotorula/PopGen/Rhodotorula_mucilaginosa_DH4148_ref/input/23263Sta_EXF8891_S6_L001_R1_001.fastq.gz,/bigdata/stajichlab/shared/projects/Rhodotorula/PopGen/Rhodotorula_mucilaginosa_DH4148_ref/input/23263Sta_EXF8891_S6_L001_R2_001.fastq.gz
EXF_8891,NA,0,EXF_8891,L002,/bigdata/stajichlab/shared/projects/Rhodotorula/PopGen/Rhodotorula_mucilaginosa_DH4148_ref/input/23263Sta_EXF8891_S6_L002_R1_001.fastq.gz,/bigdata/stajichlab/shared/projects/Rhodotorula/PopGen/Rhodotorula_mucilaginosa_DH4148_ref/input/23263Sta_EXF8891_S6_L002_R2_001.fastq.gz
EXF_8898,NA,0,EXF_8898,L001,/bigdata/stajichlab/shared/projects/Rhodotorula/PopGen/Rhodotorula_mucilaginosa_DH4148_ref/input/23263Sta_EXF8898_S1_L001_R1_001.fastq.gz,/bigdata/stajichlab/shared/projects/Rhodotorula/PopGen/Rhodotorula_mucilaginosa_DH4148_ref/input/23263Sta_EXF8898_S1_L001_R2_001.fastq.gz
EXF_8898,NA,0,EXF_8898,L002,/bigdata/stajichlab/shared/projects/Rhodotorula/PopGen/Rhodotorula_mucilaginosa_DH4148_ref/input/23263Sta_EXF8898_S1_L002_R1_001.fastq.gz,/bigdata/stajichlab/shared/projects/Rhodotorula/PopGen/Rhodotorula_mucilaginosa_DH4148_ref/input/23263Sta_EXF8898_S1_L002_R2_001.fastq.gz
EXF_8921,NA,0,EXF_8921,L001,/bigdata/stajichlab/shared/projects/Rhodotorula/PopGen/Rhodotorula_mucilaginosa_DH4148_ref/input/23263Sta_EXF8921_S14_L001_R1_001.fastq.gz,/bigdata/stajichlab/shared/projects/Rhodotorula/PopGen/Rhodotorula_mucilaginosa_DH4148_ref/input/23263Sta_EXF8921_S14_L001_R2_001.fastq.gz
EXF_8921,NA,0,EXF_8921,L002,/bigdata/stajichlab/shared/projects/Rhodotorula/PopGen/Rhodotorula_mucilaginosa_DH4148_ref/input/23263Sta_EXF8921_S14_L002_R1_001.fastq.gz,/bigdata/stajichlab/shared/projects/Rhodotorula/PopGen/Rhodotorula_mucilaginosa_DH4148_ref/input/23263Sta_EXF8921_S14_L002_R2_001.fastq.gz
EXF_8942,NA,0,EXF_8942,L001,/bigdata/stajichlab/shared/projects/Rhodotorula/PopGen/Rhodotorula_mucilaginosa_DH4148_ref/input/23263Sta_EXF8942_S31_L001_R1_001.fastq.gz,/bigdata/stajichlab/shared/projects/Rhodotorula/PopGen/Rhodotorula_mucilaginosa_DH4148_ref/input/23263Sta_EXF8942_S31_L001_R2_001.fastq.gz
EXF_8942,NA,0,EXF_8942,L002,/bigdata/stajichlab/shared/projects/Rhodotorula/PopGen/Rhodotorula_mucilaginosa_DH4148_ref/input/23263Sta_EXF8942_S31_L002_R1_001.fastq.gz,/bigdata/stajichlab/shared/projects/Rhodotorula/PopGen/Rhodotorula_mucilaginosa_DH4148_ref/input/23263Sta_EXF8942_S31_L002_R2_001.fastq.gz
EXF_8984,NA,0,EXF_8984,L001,/bigdata/stajichlab/shared/projects/Rhodotorula/PopGen/Rhodotorula_mucilaginosa_DH4148_ref/input/23263Sta_EXF8984_S2_L001_R1_001.fastq.gz,/bigdata/stajichlab/shared/projects/Rhodotorula/PopGen/Rhodotorula_mucilaginosa_DH4148_ref/input/23263Sta_EXF8984_S2_L001_R2_001.fastq.gz
EXF_8984,NA,0,EXF_8984,L002,/bigdata/stajichlab/shared/projects/Rhodotorula/PopGen/Rhodotorula_mucilaginosa_DH4148_ref/input/23263Sta_EXF8984_S2_L002_R1_001.fastq.gz,/bigdata/stajichlab/shared/projects/Rhodotorula/PopGen/Rhodotorula_mucilaginosa_DH4148_ref/input/23263Sta_EXF8984_S2_L002_R2_001.fastq.gz
EXF_9051,NA,0,EXF_9051,L001,/bigdata/stajichlab/shared/projects/Rhodotorula/PopGen/Rhodotorula_mucilaginosa_DH4148_ref/input/23263Sta_EXF9051_S95_L001_R1_001.fastq.gz,/bigdata/stajichlab/shared/projects/Rhodotorula/PopGen/Rhodotorula_mucilaginosa_DH4148_ref/input/23263Sta_EXF9051_S95_L001_R2_001.fastq.gz
EXF_9051,NA,0,EXF_9051,L002,/bigdata/stajichlab/shared/projects/Rhodotorula/PopGen/Rhodotorula_mucilaginosa_DH4148_ref/input/23263Sta_EXF9051_S95_L002_R1_001.fastq.gz,/bigdata/stajichlab/shared/projects/Rhodotorula/PopGen/Rhodotorula_mucilaginosa_DH4148_ref/input/23263Sta_EXF9051_S95_L002_R2_001.fastq.gz
EXF_9595,NA,0,EXF_9595,L001,/bigdata/stajichlab/shared/projects/Rhodotorula/PopGen/Rhodotorula_mucilaginosa_DH4148_ref/input/23263Sta_EXF9595_S47_L001_R1_001.fastq.gz,/bigdata/stajichlab/shared/projects/Rhodotorula/PopGen/Rhodotorula_mucilaginosa_DH4148_ref/input/23263Sta_EXF9595_S47_L001_R2_001.fastq.gz
EXF_9595,NA,0,EXF_9595,L002,/bigdata/stajichlab/shared/projects/Rhodotorula/PopGen/Rhodotorula_mucilaginosa_DH4148_ref/input/23263Sta_EXF9595_S47_L002_R1_001.fastq.gz,/bigdata/stajichlab/shared/projects/Rhodotorula/PopGen/Rhodotorula_mucilaginosa_DH4148_ref/input/23263Sta_EXF9595_S47_L002_R2_001.fastq.gz
EXF_9756,NA,0,EXF_9756,L001,/bigdata/stajichlab/shared/projects/Rhodotorula/PopGen/Rhodotorula_mucilaginosa_DH4148_ref/input/23263Sta_EXF9756_S28_L001_R1_001.fastq.gz,/bigdata/stajichlab/shared/projects/Rhodotorula/PopGen/Rhodotorula_mucilaginosa_DH4148_ref/input/23263Sta_EXF9756_S28_L001_R2_001.fastq.gz
EXF_9756,NA,0,EXF_9756,L002,/bigdata/stajichlab/shared/projects/Rhodotorula/PopGen/Rhodotorula_mucilaginosa_DH4148_ref/input/23263Sta_EXF9756_S28_L002_R1_001.fastq.gz,/bigdata/stajichlab/shared/projects/Rhodotorula/PopGen/Rhodotorula_mucilaginosa_DH4148_ref/input/23263Sta_EXF9756_S28_L002_R2_001.fastq.gz
EXF_9762,NA,0,EXF_9762,L001,/bigdata/stajichlab/shared/projects/Rhodotorula/PopGen/Rhodotorula_mucilaginosa_DH4148_ref/input/23263Sta_EXF9762_S48_L001_R1_001.fastq.gz,/bigdata/stajichlab/shared/projects/Rhodotorula/PopGen/Rhodotorula_mucilaginosa_DH4148_ref/input/23263Sta_EXF9762_S48_L001_R2_001.fastq.gz
EXF_9762,NA,0,EXF_9762,L002,/bigdata/stajichlab/shared/projects/Rhodotorula/PopGen/Rhodotorula_mucilaginosa_DH4148_ref/input/23263Sta_EXF9762_S48_L002_R1_001.fastq.gz,/bigdata/stajichlab/shared/projects/Rhodotorula/PopGen/Rhodotorula_mucilaginosa_DH4148_ref/input/23263Sta_EXF9762_S48_L002_R2_001.fastq.gz
EXF_9926,NA,0,EXF_9926,L001,/bigdata/stajichlab/shared/projects/Rhodotorula/PopGen/Rhodotorula_mucilaginosa_DH4148_ref/input/23263Sta_EXF9926_S40_L001_R1_001.fastq.gz,/bigdata/stajichlab/shared/projects/Rhodotorula/PopGen/Rhodotorula_mucilaginosa_DH4148_ref/input/23263Sta_EXF9926_S40_L001_R2_001.fastq.gz
EXF_9926,NA,0,EXF_9926,L002,/bigdata/stajichlab/shared/projects/Rhodotorula/PopGen/Rhodotorula_mucilaginosa_DH4148_ref/input/23263Sta_EXF9926_S40_L002_R1_001.fastq.gz,/bigdata/stajichlab/shared/projects/Rhodotorula/PopGen/Rhodotorula_mucilaginosa_DH4148_ref/input/23263Sta_EXF9926_S40_L002_R2_001.fastq.gz
EXF_9950,NA,0,EXF_9950,L001,/bigdata/stajichlab/shared/projects/Rhodotorula/PopGen/Rhodotorula_mucilaginosa_DH4148_ref/input/23263Sta_EXF9950_S80_L001_R1_001.fastq.gz,/bigdata/stajichlab/shared/projects/Rhodotorula/PopGen/Rhodotorula_mucilaginosa_DH4148_ref/input/23263Sta_EXF9950_S80_L001_R2_001.fastq.gz
EXF_9950,NA,0,EXF_9950,L002,/bigdata/stajichlab/shared/projects/Rhodotorula/PopGen/Rhodotorula_mucilaginosa_DH4148_ref/input/23263Sta_EXF9950_S80_L002_R1_001.fastq.gz,/bigdata/stajichlab/shared/projects/Rhodotorula/PopGen/Rhodotorula_mucilaginosa_DH4148_ref/input/23263Sta_EXF9950_S80_L002_R2_001.fastq.gz
IIF8SW-B2,NA,0,IIF8SW-B2,L001,/bigdata/stajichlab/shared/projects/Rhodotorula/PopGen/Rhodotorula_mucilaginosa_DH4148_ref/input/SRR11774182_1.fastq.gz,/bigdata/stajichlab/shared/projects/Rhodotorula/PopGen/Rhodotorula_mucilaginosa_DH4148_ref/input/SRR11774182_2.fastq.gz
NRRL_Y-2510,NA,0,NRRL_Y-2510,L001,/bigdata/stajichlab/shared/projects/Rhodotorula/PopGen/Rhodotorula_mucilaginosa_DH4148_ref/input/Y-2510_S47_L001_R1_001.fastq.gz,/bigdata/stajichlab/shared/projects/Rhodotorula/PopGen/Rhodotorula_mucilaginosa_DH4148_ref/input/Y-2510_S47_L001_R2_001.fastq.gz
TFCN_100D-1,NA,0,TFCN_100D-1,L001,/bigdata/stajichlab/shared/projects/Rhodotorula/PopGen/Rhodotorula_mucilaginosa_DH4148_ref/input/100D-1_S34_L001_R1_001.fastq.gz,/bigdata/stajichlab/shared/projects/Rhodotorula/PopGen/Rhodotorula_mucilaginosa_DH4148_ref/input/100D-1_S34_L001_R2_001.fastq.gz
TFCN_102C-1,NA,0,TFCN_102C-1,L001,/bigdata/stajichlab/shared/projects/Rhodotorula/PopGen/Rhodotorula_mucilaginosa_DH4148_ref/input/102C-1_S35_L001_R1_001.fastq.gz,/bigdata/stajichlab/shared/projects/Rhodotorula/PopGen/Rhodotorula_mucilaginosa_DH4148_ref/input/102C-1_S35_L001_R2_001.fastq.gz
TFCN_102C-2,NA,0,TFCN_102C-2,L001,/bigdata/stajichlab/shared/projects/Rhodotorula/PopGen/Rhodotorula_mucilaginosa_DH4148_ref/input/23263Sta_102C-2_S148_L001_R1_001.fastq.gz,/bigdata/stajichlab/shared/projects/Rhodotorula/PopGen/Rhodotorula_mucilaginosa_DH4148_ref/input/23263Sta_102C-2_S148_L001_R2_001.fastq.gz
TFCN_102C-2,NA,0,TFCN_102C-2,L002,/bigdata/stajichlab/shared/projects/Rhodotorula/PopGen/Rhodotorula_mucilaginosa_DH4148_ref/input/23263Sta_102C-2_S148_L002_R1_001.fastq.gz,/bigdata/stajichlab/shared/projects/Rhodotorula/PopGen/Rhodotorula_mucilaginosa_DH4148_ref/input/23263Sta_102C-2_S148_L002_R2_001.fastq.gz
TFCN_102D-1,NA,0,TFCN_102D-1,L001,/bigdata/stajichlab/shared/projects/Rhodotorula/PopGen/Rhodotorula_mucilaginosa_DH4148_ref/input/102D-1_S36_L001_R1_001.fastq.gz,/bigdata/stajichlab/shared/projects/Rhodotorula/PopGen/Rhodotorula_mucilaginosa_DH4148_ref/input/102D-1_S36_L001_R2_001.fastq.gz
TFCN_102D-1,NA,0,TFCN_102D-1,L002,/bigdata/stajichlab/shared/projects/Rhodotorula/PopGen/Rhodotorula_mucilaginosa_DH4148_ref/input/9003_001_S29_R1_001.fastq.gz,/bigdata/stajichlab/shared/projects/Rhodotorula/PopGen/Rhodotorula_mucilaginosa_DH4148_ref/input/9003_001_S29_R2_001.fastq.gz
TFCN_102D-2,NA,0,TFCN_102D-2,L001,/bigdata/stajichlab/shared/projects/Rhodotorula/PopGen/Rhodotorula_mucilaginosa_DH4148_ref/input/102D-2_S37_L001_R1_001.fastq.gz,/bigdata/stajichlab/shared/projects/Rhodotorula/PopGen/Rhodotorula_mucilaginosa_DH4148_ref/input/102D-2_S37_L001_R2_001.fastq.gz
TFCN_105A-2,NA,0,TFCN_105A-2,L001,/bigdata/stajichlab/shared/projects/Rhodotorula/PopGen/Rhodotorula_mucilaginosa_DH4148_ref/input/105A-2_S38_L001_R1_001.fastq.gz,/bigdata/stajichlab/shared/projects/Rhodotorula/PopGen/Rhodotorula_mucilaginosa_DH4148_ref/input/105A-2_S38_L001_R2_001.fastq.gz
TFCN_106A-1,NA,0,TFCN_106A-1,L001,/bigdata/stajichlab/shared/projects/Rhodotorula/PopGen/Rhodotorula_mucilaginosa_DH4148_ref/input/106A-1_S39_L001_R1_001.fastq.gz,/bigdata/stajichlab/shared/projects/Rhodotorula/PopGen/Rhodotorula_mucilaginosa_DH4148_ref/input/106A-1_S39_L001_R2_001.fastq.gz
TFCN_107A-6,NA,0,TFCN_107A-6,L001,/bigdata/stajichlab/shared/projects/Rhodotorula/PopGen/Rhodotorula_mucilaginosa_DH4148_ref/input/107A-6_S40_L001_R1_001.fastq.gz,/bigdata/stajichlab/shared/projects/Rhodotorula/PopGen/Rhodotorula_mucilaginosa_DH4148_ref/input/107A-6_S40_L001_R2_001.fastq.gz
TFCN_107C-3,NA,0,TFCN_107C-3,L001,/bigdata/stajichlab/shared/projects/Rhodotorula/PopGen/Rhodotorula_mucilaginosa_DH4148_ref/input/107C-3_S41_L001_R1_001.fastq.gz,/bigdata/stajichlab/shared/projects/Rhodotorula/PopGen/Rhodotorula_mucilaginosa_DH4148_ref/input/107C-3_S41_L001_R2_001.fastq.gz
TFCN_110C-1,NA,0,TFCN_110C-1,L001,/bigdata/stajichlab/shared/projects/Rhodotorula/PopGen/Rhodotorula_mucilaginosa_DH4148_ref/input/ISQ0044495_S241_R1_001.fastq.gz,/bigdata/stajichlab/shared/projects/Rhodotorula/PopGen/Rhodotorula_mucilaginosa_DH4148_ref/input/ISQ0044495_S241_R2_001.fastq.gz
TFCN_118C-2,NA,0,TFCN_118C-2,L001,/bigdata/stajichlab/shared/projects/Rhodotorula/PopGen/Rhodotorula_mucilaginosa_DH4148_ref/input/ISQ0044496_S277_R1_001.fastq.gz,/bigdata/stajichlab/shared/projects/Rhodotorula/PopGen/Rhodotorula_mucilaginosa_DH4148_ref/input/ISQ0044496_S277_R2_001.fastq.gz
TFCN_122C-2,NA,0,TFCN_122C-2,L001,/bigdata/stajichlab/shared/projects/Rhodotorula/PopGen/Rhodotorula_mucilaginosa_DH4148_ref/input/122C-2_S42_L001_R1_001.fastq.gz,/bigdata/stajichlab/shared/projects/Rhodotorula/PopGen/Rhodotorula_mucilaginosa_DH4148_ref/input/122C-2_S42_L001_R2_001.fastq.gz
TFCN_130D-4,NA,0,TFCN_130D-4,L001,/bigdata/stajichlab/shared/projects/Rhodotorula/PopGen/Rhodotorula_mucilaginosa_DH4148_ref/input/130D-4_S43_L001_R1_001.fastq.gz,/bigdata/stajichlab/shared/projects/Rhodotorula/PopGen/Rhodotorula_mucilaginosa_DH4148_ref/input/130D-4_S43_L001_R2_001.fastq.gz
TFCN_134A-3,NA,0,TFCN_134A-3,L001,/bigdata/stajichlab/shared/projects/Rhodotorula/PopGen/Rhodotorula_mucilaginosa_DH4148_ref/input/134A-3_S44_L001_R1_001.fastq.gz,/bigdata/stajichlab/shared/projects/Rhodotorula/PopGen/Rhodotorula_mucilaginosa_DH4148_ref/input/134A-3_S44_L001_R2_001.fastq.gz
TFCN_137C-3,NA,0,TFCN_137C-3,L001,/bigdata/stajichlab/shared/projects/Rhodotorula/PopGen/Rhodotorula_mucilaginosa_DH4148_ref/input/137C-3_S45_L001_R1_001.fastq.gz,/bigdata/stajichlab/shared/projects/Rhodotorula/PopGen/Rhodotorula_mucilaginosa_DH4148_ref/input/137C-3_S45_L001_R2_001.fastq.gz
TFCN_137D-4,NA,0,TFCN_137D-4,L001,/bigdata/stajichlab/shared/projects/Rhodotorula/PopGen/Rhodotorula_mucilaginosa_DH4148_ref/input/137D-4_S46_L001_R1_001.fastq.gz,/bigdata/stajichlab/shared/projects/Rhodotorula/PopGen/Rhodotorula_mucilaginosa_DH4148_ref/input/137D-4_S46_L001_R2_001.fastq.gz
TFCN_138A-1,NA,0,TFCN_138A-1,L001,/bigdata/stajichlab/shared/projects/Rhodotorula/PopGen/Rhodotorula_mucilaginosa_DH4148_ref/input/138A-1_S47_L001_R1_001.fastq.gz,/bigdata/stajichlab/shared/projects/Rhodotorula/PopGen/Rhodotorula_mucilaginosa_DH4148_ref/input/138A-1_S47_L001_R2_001.fastq.gz
TFCN_140A-3,NA,0,TFCN_140A-3,L001,/bigdata/stajichlab/shared/projects/Rhodotorula/PopGen/Rhodotorula_mucilaginosa_DH4148_ref/input/140A-3_S48_L001_R1_001.fastq.gz,/bigdata/stajichlab/shared/projects/Rhodotorula/PopGen/Rhodotorula_mucilaginosa_DH4148_ref/input/140A-3_S48_L001_R2_001.fastq.gz
TFCN_141C-2,NA,0,TFCN_141C-2,L001,/bigdata/stajichlab/shared/projects/Rhodotorula/PopGen/Rhodotorula_mucilaginosa_DH4148_ref/input/141C-2_S49_L001_R1_001.fastq.gz,/bigdata/stajichlab/shared/projects/Rhodotorula/PopGen/Rhodotorula_mucilaginosa_DH4148_ref/input/141C-2_S49_L001_R2_001.fastq.gz
TFCN_152A-1,NA,0,TFCN_152A-1,L001,/bigdata/stajichlab/shared/projects/Rhodotorula/PopGen/Rhodotorula_mucilaginosa_DH4148_ref/input/ISQ0044618_S283_R1_001.fastq.gz,/bigdata/stajichlab/shared/projects/Rhodotorula/PopGen/Rhodotorula_mucilaginosa_DH4148_ref/input/ISQ0044618_S283_R2_001.fastq.gz
TFCN_152A-12,NA,0,TFCN_152A-12,L001,/bigdata/stajichlab/shared/projects/Rhodotorula/PopGen/Rhodotorula_mucilaginosa_DH4148_ref/input/152A-12_S50_L001_R1_001.fastq.gz,/bigdata/stajichlab/shared/projects/Rhodotorula/PopGen/Rhodotorula_mucilaginosa_DH4148_ref/input/152A-12_S50_L001_R2_001.fastq.gz
TFCN_152A-2,NA,0,TFCN_152A-2,L001,/bigdata/stajichlab/shared/projects/Rhodotorula/PopGen/Rhodotorula_mucilaginosa_DH4148_ref/input/ISQ0044600_S243_R1_001.fastq.gz,/bigdata/stajichlab/shared/projects/Rhodotorula/PopGen/Rhodotorula_mucilaginosa_DH4148_ref/input/ISQ0044600_S243_R2_001.fastq.gz
TFCN_152A-3,NA,0,TFCN_152A-3,L001,/bigdata/stajichlab/shared/projects/Rhodotorula/PopGen/Rhodotorula_mucilaginosa_DH4148_ref/input/9003_013_S41_R1_001.fastq.gz,/bigdata/stajichlab/shared/projects/Rhodotorula/PopGen/Rhodotorula_mucilaginosa_DH4148_ref/input/9003_013_S41_R2_001.fastq.gz
TFCN_152A-5,NA,0,TFCN_152A-5,L001,/bigdata/stajichlab/shared/projects/Rhodotorula/PopGen/Rhodotorula_mucilaginosa_DH4148_ref/input/152A-5_S51_L001_R1_001.fastq.gz,/bigdata/stajichlab/shared/projects/Rhodotorula/PopGen/Rhodotorula_mucilaginosa_DH4148_ref/input/152A-5_S51_L001_R2_001.fastq.gz
TFCN_152C-5,NA,0,TFCN_152C-5,L001,/bigdata/stajichlab/shared/projects/Rhodotorula/PopGen/Rhodotorula_mucilaginosa_DH4148_ref/input/152C-5_S53_L001_R1_001.fastq.gz,/bigdata/stajichlab/shared/projects/Rhodotorula/PopGen/Rhodotorula_mucilaginosa_DH4148_ref/input/152C-5_S53_L001_R2_001.fastq.gz
TFCN_17-0-2E334-10,NA,0,TFCN_17-0-2E334-10,L001,/bigdata/stajichlab/shared/projects/Rhodotorula/PopGen/Rhodotorula_mucilaginosa_DH4148_ref/input/ISQ0044505_S27_R1_001.fastq.gz,/bigdata/stajichlab/shared/projects/Rhodotorula/PopGen/Rhodotorula_mucilaginosa_DH4148_ref/input/ISQ0044505_S27_R2_001.fastq.gz
TFCN_17-0-2E334-4,NA,0,TFCN_17-0-2E334-4,L001,/bigdata/stajichlab/shared/projects/Rhodotorula/PopGen/Rhodotorula_mucilaginosa_DH4148_ref/input/ISQ0044506_S63_R1_001.fastq.gz,/bigdata/stajichlab/shared/projects/Rhodotorula/PopGen/Rhodotorula_mucilaginosa_DH4148_ref/input/ISQ0044506_S63_R2_001.fastq.gz
TFCN_17-0-2E337-3,NA,0,TFCN_17-0-2E337-3,L001,/bigdata/stajichlab/shared/projects/Rhodotorula/PopGen/Rhodotorula_mucilaginosa_DH4148_ref/input/17-0-2E337-3_S55_L001_R1_001.fastq.gz,/bigdata/stajichlab/shared/projects/Rhodotorula/PopGen/Rhodotorula_mucilaginosa_DH4148_ref/input/17-0-2E337-3_S55_L001_R2_001.fastq.gz
TFCN_17-0-2E337-3,NA,0,TFCN_17-0-2E337-3,L002,/bigdata/stajichlab/shared/projects/Rhodotorula/PopGen/Rhodotorula_mucilaginosa_DH4148_ref/input/23263Sta_17-0-2E337-3_S157_L001_R1_001.fastq.gz,/bigdata/stajichlab/shared/projects/Rhodotorula/PopGen/Rhodotorula_mucilaginosa_DH4148_ref/input/23263Sta_17-0-2E337-3_S157_L001_R2_001.fastq.gz
TFCN_17-0-2E337-3,NA,0,TFCN_17-0-2E337-3,L003,/bigdata/stajichlab/shared/projects/Rhodotorula/PopGen/Rhodotorula_mucilaginosa_DH4148_ref/input/23263Sta_17-0-2E337-3_S157_L002_R1_001.fastq.gz,/bigdata/stajichlab/shared/projects/Rhodotorula/PopGen/Rhodotorula_mucilaginosa_DH4148_ref/input/23263Sta_17-0-2E337-3_S157_L002_R2_001.fastq.gz
TFCN_17-0-2E390-1,NA,0,TFCN_17-0-2E390-1,L001,/bigdata/stajichlab/shared/projects/Rhodotorula/PopGen/Rhodotorula_mucilaginosa_DH4148_ref/input/ISQ0044459_S19_R1_001.fastq.gz,/bigdata/stajichlab/shared/projects/Rhodotorula/PopGen/Rhodotorula_mucilaginosa_DH4148_ref/input/ISQ0044459_S19_R2_001.fastq.gz
TFCN_17-0-2E390-2,NA,0,TFCN_17-0-2E390-2,L001,/bigdata/stajichlab/shared/projects/Rhodotorula/PopGen/Rhodotorula_mucilaginosa_DH4148_ref/input/ISQ0044460_S55_R1_001.fastq.gz,/bigdata/stajichlab/shared/projects/Rhodotorula/PopGen/Rhodotorula_mucilaginosa_DH4148_ref/input/ISQ0044460_S55_R2_001.fastq.gz
TFCN_17-267M-1,NA,0,TFCN_17-267M-1,L001,/bigdata/stajichlab/shared/projects/Rhodotorula/PopGen/Rhodotorula_mucilaginosa_DH4148_ref/input/ISQ0044461_S91_R1_001.fastq.gz,/bigdata/stajichlab/shared/projects/Rhodotorula/PopGen/Rhodotorula_mucilaginosa_DH4148_ref/input/ISQ0044461_S91_R2_001.fastq.gz
TFCN_17-291Y-1,NA,0,TFCN_17-291Y-1,L001,/bigdata/stajichlab/shared/projects/Rhodotorula/PopGen/Rhodotorula_mucilaginosa_DH4148_ref/input/ISQ0044462_S127_R1_001.fastq.gz,/bigdata/stajichlab/shared/projects/Rhodotorula/PopGen/Rhodotorula_mucilaginosa_DH4148_ref/input/ISQ0044462_S127_R2_001.fastq.gz
TFCN_17-325D-2,NA,0,TFCN_17-325D-2,L001,/bigdata/stajichlab/shared/projects/Rhodotorula/PopGen/Rhodotorula_mucilaginosa_DH4148_ref/input/17-325D-2_S57_L001_R1_001.fastq.gz,/bigdata/stajichlab/shared/projects/Rhodotorula/PopGen/Rhodotorula_mucilaginosa_DH4148_ref/input/17-325D-2_S57_L001_R2_001.fastq.gz
TFCN_17-325D-2,NA,0,TFCN_17-325D-2,L002,/bigdata/stajichlab/shared/projects/Rhodotorula/PopGen/Rhodotorula_mucilaginosa_DH4148_ref/input/23263Sta_17-325D-2_S158_L001_R1_001.fastq.gz,/bigdata/stajichlab/shared/projects/Rhodotorula/PopGen/Rhodotorula_mucilaginosa_DH4148_ref/input/23263Sta_17-325D-2_S158_L001_R2_001.fastq.gz
TFCN_17-325D-2,NA,0,TFCN_17-325D-2,L003,/bigdata/stajichlab/shared/projects/Rhodotorula/PopGen/Rhodotorula_mucilaginosa_DH4148_ref/input/23263Sta_17-325D-2_S158_L002_R1_001.fastq.gz,/bigdata/stajichlab/shared/projects/Rhodotorula/PopGen/Rhodotorula_mucilaginosa_DH4148_ref/input/23263Sta_17-325D-2_S158_L002_R2_001.fastq.gz
TFCN_17-325D-4,NA,0,TFCN_17-325D-4,L001,/bigdata/stajichlab/shared/projects/Rhodotorula/PopGen/Rhodotorula_mucilaginosa_DH4148_ref/input/17-325D-4_S58_L001_R1_001.fastq.gz,/bigdata/stajichlab/shared/projects/Rhodotorula/PopGen/Rhodotorula_mucilaginosa_DH4148_ref/input/17-325D-4_S58_L001_R2_001.fastq.gz
TFCN_17-325P-1,NA,0,TFCN_17-325P-1,L001,/bigdata/stajichlab/shared/projects/Rhodotorula/PopGen/Rhodotorula_mucilaginosa_DH4148_ref/input/17-325P-1_S59_L001_R1_001.fastq.gz,/bigdata/stajichlab/shared/projects/Rhodotorula/PopGen/Rhodotorula_mucilaginosa_DH4148_ref/input/17-325P-1_S59_L001_R2_001.fastq.gz
TFCN_17-325P-1,NA,0,TFCN_17-325P-1,L002,/bigdata/stajichlab/shared/projects/Rhodotorula/PopGen/Rhodotorula_mucilaginosa_DH4148_ref/input/23263Sta_17-325P-1_S159_L001_R1_001.fastq.gz,/bigdata/stajichlab/shared/projects/Rhodotorula/PopGen/Rhodotorula_mucilaginosa_DH4148_ref/input/23263Sta_17-325P-1_S159_L001_R2_001.fastq.gz
TFCN_17-325P-1,NA,0,TFCN_17-325P-1,L003,/bigdata/stajichlab/shared/projects/Rhodotorula/PopGen/Rhodotorula_mucilaginosa_DH4148_ref/input/23263Sta_17-325P-1_S159_L002_R1_001.fastq.gz,/bigdata/stajichlab/shared/projects/Rhodotorula/PopGen/Rhodotorula_mucilaginosa_DH4148_ref/input/23263Sta_17-325P-1_S159_L002_R2_001.fastq.gz
TFCN_17-329Y-4,NA,0,TFCN_17-329Y-4,L001,/bigdata/stajichlab/shared/projects/Rhodotorula/PopGen/Rhodotorula_mucilaginosa_DH4148_ref/input/17-329Y-4_S60_L001_R1_001.fastq.gz,/bigdata/stajichlab/shared/projects/Rhodotorula/PopGen/Rhodotorula_mucilaginosa_DH4148_ref/input/17-329Y-4_S60_L001_R2_001.fastq.gz
TFCN_17-332C-1,NA,0,TFCN_17-332C-1,L001,/bigdata/stajichlab/shared/projects/Rhodotorula/PopGen/Rhodotorula_mucilaginosa_DH4148_ref/input/17-332C-1_S62_L001_R1_001.fastq.gz,/bigdata/stajichlab/shared/projects/Rhodotorula/PopGen/Rhodotorula_mucilaginosa_DH4148_ref/input/17-332C-1_S62_L001_R2_001.fastq.gz
TFCN_17-332C-2,NA,0,TFCN_17-332C-2,L001,/bigdata/stajichlab/shared/projects/Rhodotorula/PopGen/Rhodotorula_mucilaginosa_DH4148_ref/input/17-332C-2_S63_L001_R1_001.fastq.gz,/bigdata/stajichlab/shared/projects/Rhodotorula/PopGen/Rhodotorula_mucilaginosa_DH4148_ref/input/17-332C-2_S63_L001_R2_001.fastq.gz
TFCN_17-332D-1,NA,0,TFCN_17-332D-1,L001,/bigdata/stajichlab/shared/projects/Rhodotorula/PopGen/Rhodotorula_mucilaginosa_DH4148_ref/input/ISQ0044515_S29_R1_001.fastq.gz,/bigdata/stajichlab/shared/projects/Rhodotorula/PopGen/Rhodotorula_mucilaginosa_DH4148_ref/input/ISQ0044515_S29_R2_001.fastq.gz
TFCN_17-332M-1,NA,0,TFCN_17-332M-1,L001,/bigdata/stajichlab/shared/projects/Rhodotorula/PopGen/Rhodotorula_mucilaginosa_DH4148_ref/input/ISQ0044516_S65_R1_001.fastq.gz,/bigdata/stajichlab/shared/projects/Rhodotorula/PopGen/Rhodotorula_mucilaginosa_DH4148_ref/input/ISQ0044516_S65_R2_001.fastq.gz
TFCN_17-332M-2,NA,0,TFCN_17-332M-2,L001,/bigdata/stajichlab/shared/projects/Rhodotorula/PopGen/Rhodotorula_mucilaginosa_DH4148_ref/input/ISQ0044517_S101_R1_001.fastq.gz,/bigdata/stajichlab/shared/projects/Rhodotorula/PopGen/Rhodotorula_mucilaginosa_DH4148_ref/input/ISQ0044517_S101_R2_001.fastq.gz
TFCN_17-332P-1,NA,0,TFCN_17-332P-1,L001,/bigdata/stajichlab/shared/projects/Rhodotorula/PopGen/Rhodotorula_mucilaginosa_DH4148_ref/input/ISQ0044518_S137_R1_001.fastq.gz,/bigdata/stajichlab/shared/projects/Rhodotorula/PopGen/Rhodotorula_mucilaginosa_DH4148_ref/input/ISQ0044518_S137_R2_001.fastq.gz
TFCN_17-332P-2,NA,0,TFCN_17-332P-2,L001,/bigdata/stajichlab/shared/projects/Rhodotorula/PopGen/Rhodotorula_mucilaginosa_DH4148_ref/input/17-332P-2_S64_L001_R1_001.fastq.gz,/bigdata/stajichlab/shared/projects/Rhodotorula/PopGen/Rhodotorula_mucilaginosa_DH4148_ref/input/17-332P-2_S64_L001_R2_001.fastq.gz
TFCN_17-333D-2,NA,0,TFCN_17-333D-2,L001,/bigdata/stajichlab/shared/projects/Rhodotorula/PopGen/Rhodotorula_mucilaginosa_DH4148_ref/input/17-333D-2_S65_L001_R1_001.fastq.gz,/bigdata/stajichlab/shared/projects/Rhodotorula/PopGen/Rhodotorula_mucilaginosa_DH4148_ref/input/17-333D-2_S65_L001_R2_001.fastq.gz
TFCN_17-333M-1,NA,0,TFCN_17-333M-1,L001,/bigdata/stajichlab/shared/projects/Rhodotorula/PopGen/Rhodotorula_mucilaginosa_DH4148_ref/input/9003_015_S43_R1_001.fastq.gz,/bigdata/stajichlab/shared/projects/Rhodotorula/PopGen/Rhodotorula_mucilaginosa_DH4148_ref/input/9003_015_S43_R2_001.fastq.gz
TFCN_17-333P-6,NA,0,TFCN_17-333P-6,L001,/bigdata/stajichlab/shared/projects/Rhodotorula/PopGen/Rhodotorula_mucilaginosa_DH4148_ref/input/17-333P-6_S66_L001_R1_001.fastq.gz,/bigdata/stajichlab/shared/projects/Rhodotorula/PopGen/Rhodotorula_mucilaginosa_DH4148_ref/input/17-333P-6_S66_L001_R2_001.fastq.gz
TFCN_17-333P-6,NA,0,TFCN_17-333P-6,L002,/bigdata/stajichlab/shared/projects/Rhodotorula/PopGen/Rhodotorula_mucilaginosa_DH4148_ref/input/23263Sta_17-333P-6_S160_L001_R1_001.fastq.gz,/bigdata/stajichlab/shared/projects/Rhodotorula/PopGen/Rhodotorula_mucilaginosa_DH4148_ref/input/23263Sta_17-333P-6_S160_L001_R2_001.fastq.gz
TFCN_17-333P-6,NA,0,TFCN_17-333P-6,L003,/bigdata/stajichlab/shared/projects/Rhodotorula/PopGen/Rhodotorula_mucilaginosa_DH4148_ref/input/23263Sta_17-333P-6_S160_L002_R1_001.fastq.gz,/bigdata/stajichlab/shared/projects/Rhodotorula/PopGen/Rhodotorula_mucilaginosa_DH4148_ref/input/23263Sta_17-333P-6_S160_L002_R2_001.fastq.gz
TFCN_17-334C-1,NA,0,TFCN_17-334C-1,L001,/bigdata/stajichlab/shared/projects/Rhodotorula/PopGen/Rhodotorula_mucilaginosa_DH4148_ref/input/17-334C-1_S67_L001_R1_001.fastq.gz,/bigdata/stajichlab/shared/projects/Rhodotorula/PopGen/Rhodotorula_mucilaginosa_DH4148_ref/input/17-334C-1_S67_L001_R2_001.fastq.gz
TFCN_17-334D-6,NA,0,TFCN_17-334D-6,L001,/bigdata/stajichlab/shared/projects/Rhodotorula/PopGen/Rhodotorula_mucilaginosa_DH4148_ref/input/17-334D-6_S68_L001_R1_001.fastq.gz,/bigdata/stajichlab/shared/projects/Rhodotorula/PopGen/Rhodotorula_mucilaginosa_DH4148_ref/input/17-334D-6_S68_L001_R2_001.fastq.gz
TFCN_17-334D-6,NA,0,TFCN_17-334D-6,L002,/bigdata/stajichlab/shared/projects/Rhodotorula/PopGen/Rhodotorula_mucilaginosa_DH4148_ref/input/23263Sta_17-334D-6_S161_L001_R1_001.fastq.gz,/bigdata/stajichlab/shared/projects/Rhodotorula/PopGen/Rhodotorula_mucilaginosa_DH4148_ref/input/23263Sta_17-334D-6_S161_L001_R2_001.fastq.gz
TFCN_17-334D-6,NA,0,TFCN_17-334D-6,L003,/bigdata/stajichlab/shared/projects/Rhodotorula/PopGen/Rhodotorula_mucilaginosa_DH4148_ref/input/23263Sta_17-334D-6_S161_L002_R1_001.fastq.gz,/bigdata/stajichlab/shared/projects/Rhodotorula/PopGen/Rhodotorula_mucilaginosa_DH4148_ref/input/23263Sta_17-334D-6_S161_L002_R2_001.fastq.gz
TFCN_17-334P-3,NA,0,TFCN_17-334P-3,L001,/bigdata/stajichlab/shared/projects/Rhodotorula/PopGen/Rhodotorula_mucilaginosa_DH4148_ref/input/17-334P-3_S69_L001_R1_001.fastq.gz,/bigdata/stajichlab/shared/projects/Rhodotorula/PopGen/Rhodotorula_mucilaginosa_DH4148_ref/input/17-334P-3_S69_L001_R2_001.fastq.gz
TFCN_17-334Y-2,NA,0,TFCN_17-334Y-2,L001,/bigdata/stajichlab/shared/projects/Rhodotorula/PopGen/Rhodotorula_mucilaginosa_DH4148_ref/input/ISQ0044525_S31_R1_001.fastq.gz,/bigdata/stajichlab/shared/projects/Rhodotorula/PopGen/Rhodotorula_mucilaginosa_DH4148_ref/input/ISQ0044525_S31_R2_001.fastq.gz
TFCN_17-334Y-3,NA,0,TFCN_17-334Y-3,L001,/bigdata/stajichlab/shared/projects/Rhodotorula/PopGen/Rhodotorula_mucilaginosa_DH4148_ref/input/ISQ0044526_S67_R1_001.fastq.gz,/bigdata/stajichlab/shared/projects/Rhodotorula/PopGen/Rhodotorula_mucilaginosa_DH4148_ref/input/ISQ0044526_S67_R2_001.fastq.gz
TFCN_17-334Y-5,NA,0,TFCN_17-334Y-5,L001,/bigdata/stajichlab/shared/projects/Rhodotorula/PopGen/Rhodotorula_mucilaginosa_DH4148_ref/input/ISQ0044527_S103_R1_001.fastq.gz,/bigdata/stajichlab/shared/projects/Rhodotorula/PopGen/Rhodotorula_mucilaginosa_DH4148_ref/input/ISQ0044527_S103_R2_001.fastq.gz
TFCN_17-337P-5,NA,0,TFCN_17-337P-5,L001,/bigdata/stajichlab/shared/projects/Rhodotorula/PopGen/Rhodotorula_mucilaginosa_DH4148_ref/input/ISQ0044528_S139_R1_001.fastq.gz,/bigdata/stajichlab/shared/projects/Rhodotorula/PopGen/Rhodotorula_mucilaginosa_DH4148_ref/input/ISQ0044528_S139_R2_001.fastq.gz
TFCN_17-338D-3,NA,0,TFCN_17-338D-3,L001,/bigdata/stajichlab/shared/projects/Rhodotorula/PopGen/Rhodotorula_mucilaginosa_DH4148_ref/input/ISQ0044473_S165_R1_001.fastq.gz,/bigdata/stajichlab/shared/projects/Rhodotorula/PopGen/Rhodotorula_mucilaginosa_DH4148_ref/input/ISQ0044473_S165_R2_001.fastq.gz
TFCN_17-390M-1,NA,0,TFCN_17-390M-1,L001,/bigdata/stajichlab/shared/projects/Rhodotorula/PopGen/Rhodotorula_mucilaginosa_DH4148_ref/input/ISQ0044463_S163_R1_001.fastq.gz,/bigdata/stajichlab/shared/projects/Rhodotorula/PopGen/Rhodotorula_mucilaginosa_DH4148_ref/input/ISQ0044463_S163_R2_001.fastq.gz
TFCN_172A-1,NA,0,TFCN_172A-1,L001,/bigdata/stajichlab/shared/projects/Rhodotorula/PopGen/Rhodotorula_mucilaginosa_DH4148_ref/input/172A-1_S56_L001_R1_001.fastq.gz,/bigdata/stajichlab/shared/projects/Rhodotorula/PopGen/Rhodotorula_mucilaginosa_DH4148_ref/input/172A-1_S56_L001_R2_001.fastq.gz
TFCN_17Y-278-1,NA,0,TFCN_17Y-278-1,L001,/bigdata/stajichlab/shared/projects/Rhodotorula/PopGen/Rhodotorula_mucilaginosa_DH4148_ref/input/ISQ0044464_S199_R1_001.fastq.gz,/bigdata/stajichlab/shared/projects/Rhodotorula/PopGen/Rhodotorula_mucilaginosa_DH4148_ref/input/ISQ0044464_S199_R2_001.fastq.gz
TFCN_181A-1,NA,0,TFCN_181A-1,L001,/bigdata/stajichlab/shared/projects/Rhodotorula/PopGen/Rhodotorula_mucilaginosa_DH4148_ref/input/ISQ0044529_S175_R1_001.fastq.gz,/bigdata/stajichlab/shared/projects/Rhodotorula/PopGen/Rhodotorula_mucilaginosa_DH4148_ref/input/ISQ0044529_S175_R2_001.fastq.gz
TFCN_186CL-2,NA,0,TFCN_186CL-2,L001,/bigdata/stajichlab/shared/projects/Rhodotorula/PopGen/Rhodotorula_mucilaginosa_DH4148_ref/input/9003_016_S44_R1_001.fastq.gz,/bigdata/stajichlab/shared/projects/Rhodotorula/PopGen/Rhodotorula_mucilaginosa_DH4148_ref/input/9003_016_S44_R2_001.fastq.gz
TFCN_1A-1-5,NA,0,TFCN_1A-1-5,L001,/bigdata/stajichlab/shared/projects/Rhodotorula/PopGen/Rhodotorula_mucilaginosa_DH4148_ref/input/9003_017_S45_R1_001.fastq.gz,/bigdata/stajichlab/shared/projects/Rhodotorula/PopGen/Rhodotorula_mucilaginosa_DH4148_ref/input/9003_017_S45_R2_001.fastq.gz
TFCN_1A-14,NA,0,TFCN_1A-14,L001,/bigdata/stajichlab/shared/projects/Rhodotorula/PopGen/Rhodotorula_mucilaginosa_DH4148_ref/input/ISQ0044539_S177_R1_001.fastq.gz,/bigdata/stajichlab/shared/projects/Rhodotorula/PopGen/Rhodotorula_mucilaginosa_DH4148_ref/input/ISQ0044539_S177_R2_001.fastq.gz
TFCN_209-6-1,NA,0,TFCN_209-6-1,L001,/bigdata/stajichlab/shared/projects/Rhodotorula/PopGen/Rhodotorula_mucilaginosa_DH4148_ref/input/209-6-1_S72_L001_R1_001.fastq.gz,/bigdata/stajichlab/shared/projects/Rhodotorula/PopGen/Rhodotorula_mucilaginosa_DH4148_ref/input/209-6-1_S72_L001_R2_001.fastq.gz
TFCN_209-6-11,NA,0,TFCN_209-6-11,L001,/bigdata/stajichlab/shared/projects/Rhodotorula/PopGen/Rhodotorula_mucilaginosa_DH4148_ref/input/209-6-11_S73_L001_R1_001.fastq.gz,/bigdata/stajichlab/shared/projects/Rhodotorula/PopGen/Rhodotorula_mucilaginosa_DH4148_ref/input/209-6-11_S73_L001_R2_001.fastq.gz
TFCN_209-6-12,NA,0,TFCN_209-6-12,L001,/bigdata/stajichlab/shared/projects/Rhodotorula/PopGen/Rhodotorula_mucilaginosa_DH4148_ref/input/209-6-12_S74_L001_R1_001.fastq.gz,/bigdata/stajichlab/shared/projects/Rhodotorula/PopGen/Rhodotorula_mucilaginosa_DH4148_ref/input/209-6-12_S74_L001_R2_001.fastq.gz
TFCN_209-6-14,NA,0,TFCN_209-6-14,L001,/bigdata/stajichlab/shared/projects/Rhodotorula/PopGen/Rhodotorula_mucilaginosa_DH4148_ref/input/209-6-14_S75_L001_R1_001.fastq.gz,/bigdata/stajichlab/shared/projects/Rhodotorula/PopGen/Rhodotorula_mucilaginosa_DH4148_ref/input/209-6-14_S75_L001_R2_001.fastq.gz
TFCN_209-6-17,NA,0,TFCN_209-6-17,L001,/bigdata/stajichlab/shared/projects/Rhodotorula/PopGen/Rhodotorula_mucilaginosa_DH4148_ref/input/ISQ0044535_S33_R1_001.fastq.gz,/bigdata/stajichlab/shared/projects/Rhodotorula/PopGen/Rhodotorula_mucilaginosa_DH4148_ref/input/ISQ0044535_S33_R2_001.fastq.gz
TFCN_209-6-2,NA,0,TFCN_209-6-2,L001,/bigdata/stajichlab/shared/projects/Rhodotorula/PopGen/Rhodotorula_mucilaginosa_DH4148_ref/input/ISQ0044536_S69_R1_001.fastq.gz,/bigdata/stajichlab/shared/projects/Rhodotorula/PopGen/Rhodotorula_mucilaginosa_DH4148_ref/input/ISQ0044536_S69_R2_001.fastq.gz
TFCN_209-6-4,NA,0,TFCN_209-6-4,L001,/bigdata/stajichlab/shared/projects/Rhodotorula/PopGen/Rhodotorula_mucilaginosa_DH4148_ref/input/ISQ0044537_S105_R1_001.fastq.gz,/bigdata/stajichlab/shared/projects/Rhodotorula/PopGen/Rhodotorula_mucilaginosa_DH4148_ref/input/ISQ0044537_S105_R2_001.fastq.gz
TFCN_209-6-5,NA,0,TFCN_209-6-5,L001,/bigdata/stajichlab/shared/projects/Rhodotorula/PopGen/Rhodotorula_mucilaginosa_DH4148_ref/input/ISQ0044538_S141_R1_001.fastq.gz,/bigdata/stajichlab/shared/projects/Rhodotorula/PopGen/Rhodotorula_mucilaginosa_DH4148_ref/input/ISQ0044538_S141_R2_001.fastq.gz
TFCN_211A-3,NA,0,TFCN_211A-3,L001,/bigdata/stajichlab/shared/projects/Rhodotorula/PopGen/Rhodotorula_mucilaginosa_DH4148_ref/input/ISQ0044471_S93_R1_001.fastq.gz,/bigdata/stajichlab/shared/projects/Rhodotorula/PopGen/Rhodotorula_mucilaginosa_DH4148_ref/input/ISQ0044471_S93_R2_001.fastq.gz
TFCN_211C-2,NA,0,TFCN_211C-2,L001,/bigdata/stajichlab/shared/projects/Rhodotorula/PopGen/Rhodotorula_mucilaginosa_DH4148_ref/input/9003_018_S46_R1_001.fastq.gz,/bigdata/stajichlab/shared/projects/Rhodotorula/PopGen/Rhodotorula_mucilaginosa_DH4148_ref/input/9003_018_S46_R2_001.fastq.gz
TFCN_212C-2,NA,0,TFCN_212C-2,L001,/bigdata/stajichlab/shared/projects/Rhodotorula/PopGen/Rhodotorula_mucilaginosa_DH4148_ref/input/ISQ0044472_S129_R1_001.fastq.gz,/bigdata/stajichlab/shared/projects/Rhodotorula/PopGen/Rhodotorula_mucilaginosa_DH4148_ref/input/ISQ0044472_S129_R2_001.fastq.gz
TFCN_213-6-2,NA,0,TFCN_213-6-2,L001,/bigdata/stajichlab/shared/projects/Rhodotorula/PopGen/Rhodotorula_mucilaginosa_DH4148_ref/input/213-6-2_S76_L001_R1_001.fastq.gz,/bigdata/stajichlab/shared/projects/Rhodotorula/PopGen/Rhodotorula_mucilaginosa_DH4148_ref/input/213-6-2_S76_L001_R2_001.fastq.gz
TFCN_213-6-4,NA,0,TFCN_213-6-4,L001,/bigdata/stajichlab/shared/projects/Rhodotorula/PopGen/Rhodotorula_mucilaginosa_DH4148_ref/input/ISQ0044602_S279_R1_001.fastq.gz,/bigdata/stajichlab/shared/projects/Rhodotorula/PopGen/Rhodotorula_mucilaginosa_DH4148_ref/input/ISQ0044602_S279_R2_001.fastq.gz
TFCN_223A-8,NA,0,TFCN_223A-8,L001,/bigdata/stajichlab/shared/projects/Rhodotorula/PopGen/Rhodotorula_mucilaginosa_DH4148_ref/input/23263Sta_223A-8_S149_L001_R1_001.fastq.gz,/bigdata/stajichlab/shared/projects/Rhodotorula/PopGen/Rhodotorula_mucilaginosa_DH4148_ref/input/23263Sta_223A-8_S149_L001_R2_001.fastq.gz
TFCN_223A-8,NA,0,TFCN_223A-8,L002,/bigdata/stajichlab/shared/projects/Rhodotorula/PopGen/Rhodotorula_mucilaginosa_DH4148_ref/input/23263Sta_223A-8_S149_L002_R1_001.fastq.gz,/bigdata/stajichlab/shared/projects/Rhodotorula/PopGen/Rhodotorula_mucilaginosa_DH4148_ref/input/23263Sta_223A-8_S149_L002_R2_001.fastq.gz
TFCN_22C-4,NA,0,TFCN_22C-4,L001,/bigdata/stajichlab/shared/projects/Rhodotorula/PopGen/Rhodotorula_mucilaginosa_DH4148_ref/input/ISQ0044540_S213_R1_001.fastq.gz,/bigdata/stajichlab/shared/projects/Rhodotorula/PopGen/Rhodotorula_mucilaginosa_DH4148_ref/input/ISQ0044540_S213_R2_001.fastq.gz
TFCN_25-0-2E332-1,NA,0,TFCN_25-0-2E332-1,L001,/bigdata/stajichlab/shared/projects/Rhodotorula/PopGen/Rhodotorula_mucilaginosa_DH4148_ref/input/ISQ0044541_S249_R1_001.fastq.gz,/bigdata/stajichlab/shared/projects/Rhodotorula/PopGen/Rhodotorula_mucilaginosa_DH4148_ref/input/ISQ0044541_S249_R2_001.fastq.gz
TFCN_25-0-2E333-1,NA,0,TFCN_25-0-2E333-1,L001,/bigdata/stajichlab/shared/projects/Rhodotorula/PopGen/Rhodotorula_mucilaginosa_DH4148_ref/input/ISQ0044542_S285_R1_001.fastq.gz,/bigdata/stajichlab/shared/projects/Rhodotorula/PopGen/Rhodotorula_mucilaginosa_DH4148_ref/input/ISQ0044542_S285_R2_001.fastq.gz
TFCN_25-0-2E333-5,NA,0,TFCN_25-0-2E333-5,L001,/bigdata/stajichlab/shared/projects/Rhodotorula/PopGen/Rhodotorula_mucilaginosa_DH4148_ref/input/25-0-2E333-5_S78_L001_R1_001.fastq.gz,/bigdata/stajichlab/shared/projects/Rhodotorula/PopGen/Rhodotorula_mucilaginosa_DH4148_ref/input/25-0-2E333-5_S78_L001_R2_001.fastq.gz
TFCN_25-0-2E333-7,NA,0,TFCN_25-0-2E333-7,L001,/bigdata/stajichlab/shared/projects/Rhodotorula/PopGen/Rhodotorula_mucilaginosa_DH4148_ref/input/25-0-2E333-7_S79_L001_R1_001.fastq.gz,/bigdata/stajichlab/shared/projects/Rhodotorula/PopGen/Rhodotorula_mucilaginosa_DH4148_ref/input/25-0-2E333-7_S79_L001_R2_001.fastq.gz
TFCN_25-0-2E333-9,NA,0,TFCN_25-0-2E333-9,L001,/bigdata/stajichlab/shared/projects/Rhodotorula/PopGen/Rhodotorula_mucilaginosa_DH4148_ref/input/25-0-2E333-9_S80_L001_R1_001.fastq.gz,/bigdata/stajichlab/shared/projects/Rhodotorula/PopGen/Rhodotorula_mucilaginosa_DH4148_ref/input/25-0-2E333-9_S80_L001_R2_001.fastq.gz
TFCN_25-0-2E334-1,NA,0,TFCN_25-0-2E334-1,L001,/bigdata/stajichlab/shared/projects/Rhodotorula/PopGen/Rhodotorula_mucilaginosa_DH4148_ref/input/23263Sta_25-0-2E334-1_S191_L001_R1_001.fastq.gz,/bigdata/stajichlab/shared/projects/Rhodotorula/PopGen/Rhodotorula_mucilaginosa_DH4148_ref/input/23263Sta_25-0-2E334-1_S191_L001_R2_001.fastq.gz
TFCN_25-0-2E334-1,NA,0,TFCN_25-0-2E334-1,L002,/bigdata/stajichlab/shared/projects/Rhodotorula/PopGen/Rhodotorula_mucilaginosa_DH4148_ref/input/23263Sta_25-0-2E334-1_S191_L002_R1_001.fastq.gz,/bigdata/stajichlab/shared/projects/Rhodotorula/PopGen/Rhodotorula_mucilaginosa_DH4148_ref/input/23263Sta_25-0-2E334-1_S191_L002_R2_001.fastq.gz
TFCN_25-0-2E390-1,NA,0,TFCN_25-0-2E390-1,L001,/bigdata/stajichlab/shared/projects/Rhodotorula/PopGen/Rhodotorula_mucilaginosa_DH4148_ref/input/ISQ0044465_S235_R1_001.fastq.gz,/bigdata/stajichlab/shared/projects/Rhodotorula/PopGen/Rhodotorula_mucilaginosa_DH4148_ref/input/ISQ0044465_S235_R2_001.fastq.gz
TFCN_25-325Y-1,NA,0,TFCN_25-325Y-1,L001,/bigdata/stajichlab/shared/projects/Rhodotorula/PopGen/Rhodotorula_mucilaginosa_DH4148_ref/input/ISQ0044545_S35_R1_001.fastq.gz,/bigdata/stajichlab/shared/projects/Rhodotorula/PopGen/Rhodotorula_mucilaginosa_DH4148_ref/input/ISQ0044545_S35_R2_001.fastq.gz
TFCN_25-327D-1,NA,0,TFCN_25-327D-1,L001,/bigdata/stajichlab/shared/projects/Rhodotorula/PopGen/Rhodotorula_mucilaginosa_DH4148_ref/input/ISQ0044546_S71_R1_001.fastq.gz,/bigdata/stajichlab/shared/projects/Rhodotorula/PopGen/Rhodotorula_mucilaginosa_DH4148_ref/input/ISQ0044546_S71_R2_001.fastq.gz
TFCN_25-331D-1,NA,0,TFCN_25-331D-1,L001,/bigdata/stajichlab/shared/projects/Rhodotorula/PopGen/Rhodotorula_mucilaginosa_DH4148_ref/input/ISQ0044547_S107_R1_001.fastq.gz,/bigdata/stajichlab/shared/projects/Rhodotorula/PopGen/Rhodotorula_mucilaginosa_DH4148_ref/input/ISQ0044547_S107_R2_001.fastq.gz
TFCN_25-332C-1,NA,0,TFCN_25-332C-1,L001,/bigdata/stajichlab/shared/projects/Rhodotorula/PopGen/Rhodotorula_mucilaginosa_DH4148_ref/input/ISQ0044548_S143_R1_001.fastq.gz,/bigdata/stajichlab/shared/projects/Rhodotorula/PopGen/Rhodotorula_mucilaginosa_DH4148_ref/input/ISQ0044548_S143_R2_001.fastq.gz
TFCN_25-332D-1,NA,0,TFCN_25-332D-1,L001,/bigdata/stajichlab/shared/projects/Rhodotorula/PopGen/Rhodotorula_mucilaginosa_DH4148_ref/input/ISQ0044549_S179_R1_001.fastq.gz,/bigdata/stajichlab/shared/projects/Rhodotorula/PopGen/Rhodotorula_mucilaginosa_DH4148_ref/input/ISQ0044549_S179_R2_001.fastq.gz
TFCN_25-332D-2,NA,0,TFCN_25-332D-2,L001,/bigdata/stajichlab/shared/projects/Rhodotorula/PopGen/Rhodotorula_mucilaginosa_DH4148_ref/input/ISQ0044550_S215_R1_001.fastq.gz,/bigdata/stajichlab/shared/projects/Rhodotorula/PopGen/Rhodotorula_mucilaginosa_DH4148_ref/input/ISQ0044550_S215_R2_001.fastq.gz
TFCN_25-332D-2,NA,0,TFCN_25-332D-2,L002,/bigdata/stajichlab/shared/projects/Rhodotorula/PopGen/Rhodotorula_mucilaginosa_DH4148_ref/input/9003_019_S47_R1_001.fastq.gz,/bigdata/stajichlab/shared/projects/Rhodotorula/PopGen/Rhodotorula_mucilaginosa_DH4148_ref/input/9003_019_S47_R2_001.fastq.gz
TFCN_25-332M-1,NA,0,TFCN_25-332M-1,L001,/bigdata/stajichlab/shared/projects/Rhodotorula/PopGen/Rhodotorula_mucilaginosa_DH4148_ref/input/ISQ0044551_S251_R1_001.fastq.gz,/bigdata/stajichlab/shared/projects/Rhodotorula/PopGen/Rhodotorula_mucilaginosa_DH4148_ref/input/ISQ0044551_S251_R2_001.fastq.gz
TFCN_25-332M-2,NA,0,TFCN_25-332M-2,L001,/bigdata/stajichlab/shared/projects/Rhodotorula/PopGen/Rhodotorula_mucilaginosa_DH4148_ref/input/9003_020_S48_R1_001.fastq.gz,/bigdata/stajichlab/shared/projects/Rhodotorula/PopGen/Rhodotorula_mucilaginosa_DH4148_ref/input/9003_020_S48_R2_001.fastq.gz
TFCN_25-332P-2,NA,0,TFCN_25-332P-2,L001,/bigdata/stajichlab/shared/projects/Rhodotorula/PopGen/Rhodotorula_mucilaginosa_DH4148_ref/input/25-332P-2_S81_L001_R1_001.fastq.gz,/bigdata/stajichlab/shared/projects/Rhodotorula/PopGen/Rhodotorula_mucilaginosa_DH4148_ref/input/25-332P-2_S81_L001_R2_001.fastq.gz
TFCN_25-332Y-1,NA,0,TFCN_25-332Y-1,L001,/bigdata/stajichlab/shared/projects/Rhodotorula/PopGen/Rhodotorula_mucilaginosa_DH4148_ref/input/25-332Y-1_S82_L001_R1_001.fastq.gz,/bigdata/stajichlab/shared/projects/Rhodotorula/PopGen/Rhodotorula_mucilaginosa_DH4148_ref/input/25-332Y-1_S82_L001_R2_001.fastq.gz
TFCN_25-333C-2,NA,0,TFCN_25-333C-2,L001,/bigdata/stajichlab/shared/projects/Rhodotorula/PopGen/Rhodotorula_mucilaginosa_DH4148_ref/input/ISQ0044555_S146_R1_001.fastq.gz,/bigdata/stajichlab/shared/projects/Rhodotorula/PopGen/Rhodotorula_mucilaginosa_DH4148_ref/input/ISQ0044555_S146_R2_001.fastq.gz
TFCN_25-333P-2,NA,0,TFCN_25-333P-2,L001,/bigdata/stajichlab/shared/projects/Rhodotorula/PopGen/Rhodotorula_mucilaginosa_DH4148_ref/input/25-333P-2_S85_L001_R1_001.fastq.gz,/bigdata/stajichlab/shared/projects/Rhodotorula/PopGen/Rhodotorula_mucilaginosa_DH4148_ref/input/25-333P-2_S85_L001_R2_001.fastq.gz
TFCN_25-333Y-10,NA,0,TFCN_25-333Y-10,L001,/bigdata/stajichlab/shared/projects/Rhodotorula/PopGen/Rhodotorula_mucilaginosa_DH4148_ref/input/25-333Y-10_S87_L001_R1_001.fastq.gz,/bigdata/stajichlab/shared/projects/Rhodotorula/PopGen/Rhodotorula_mucilaginosa_DH4148_ref/input/25-333Y-10_S87_L001_R2_001.fastq.gz
TFCN_25-333Y-9,NA,0,TFCN_25-333Y-9,L001,/bigdata/stajichlab/shared/projects/Rhodotorula/PopGen/Rhodotorula_mucilaginosa_DH4148_ref/input/ISQ0044557_S182_R1_001.fastq.gz,/bigdata/stajichlab/shared/projects/Rhodotorula/PopGen/Rhodotorula_mucilaginosa_DH4148_ref/input/ISQ0044557_S182_R2_001.fastq.gz
TFCN_25-334D-3,NA,0,TFCN_25-334D-3,L001,/bigdata/stajichlab/shared/projects/Rhodotorula/PopGen/Rhodotorula_mucilaginosa_DH4148_ref/input/25-334D-3_S88_L001_R1_001.fastq.gz,/bigdata/stajichlab/shared/projects/Rhodotorula/PopGen/Rhodotorula_mucilaginosa_DH4148_ref/input/25-334D-3_S88_L001_R2_001.fastq.gz
TFCN_25-334Y-6,NA,0,TFCN_25-334Y-6,L001,/bigdata/stajichlab/shared/projects/Rhodotorula/PopGen/Rhodotorula_mucilaginosa_DH4148_ref/input/ISQ0044559_S218_R1_001.fastq.gz,/bigdata/stajichlab/shared/projects/Rhodotorula/PopGen/Rhodotorula_mucilaginosa_DH4148_ref/input/ISQ0044559_S218_R2_001.fastq.gz
TFCN_25-335Y-1,NA,0,TFCN_25-335Y-1,L001,/bigdata/stajichlab/shared/projects/Rhodotorula/PopGen/Rhodotorula_mucilaginosa_DH4148_ref/input/ISQ0044486_S275_R1_001.fastq.gz,/bigdata/stajichlab/shared/projects/Rhodotorula/PopGen/Rhodotorula_mucilaginosa_DH4148_ref/input/ISQ0044486_S275_R2_001.fastq.gz
TFCN_25-337M-3,NA,0,TFCN_25-337M-3,L001,/bigdata/stajichlab/shared/projects/Rhodotorula/PopGen/Rhodotorula_mucilaginosa_DH4148_ref/input/25-337M-3_S89_L001_R1_001.fastq.gz,/bigdata/stajichlab/shared/projects/Rhodotorula/PopGen/Rhodotorula_mucilaginosa_DH4148_ref/input/25-337M-3_S89_L001_R2_001.fastq.gz
TFCN_25-337Y-1,NA,0,TFCN_25-337Y-1,L001,/bigdata/stajichlab/shared/projects/Rhodotorula/PopGen/Rhodotorula_mucilaginosa_DH4148_ref/input/ISQ0044561_S254_R1_001.fastq.gz,/bigdata/stajichlab/shared/projects/Rhodotorula/PopGen/Rhodotorula_mucilaginosa_DH4148_ref/input/ISQ0044561_S254_R2_001.fastq.gz
TFCN_25-395P-1,NA,0,TFCN_25-395P-1,L001,/bigdata/stajichlab/shared/projects/Rhodotorula/PopGen/Rhodotorula_mucilaginosa_DH4148_ref/input/ISQ0044466_S271_R1_001.fastq.gz,/bigdata/stajichlab/shared/projects/Rhodotorula/PopGen/Rhodotorula_mucilaginosa_DH4148_ref/input/ISQ0044466_S271_R2_001.fastq.gz
TFCN_270H-1,NA,0,TFCN_270H-1,L001,/bigdata/stajichlab/shared/projects/Rhodotorula/PopGen/Rhodotorula_mucilaginosa_DH4148_ref/input/270H-1_S90_L001_R1_001.fastq.gz,/bigdata/stajichlab/shared/projects/Rhodotorula/PopGen/Rhodotorula_mucilaginosa_DH4148_ref/input/270H-1_S90_L001_R2_001.fastq.gz
TFCN_270H-1,NA,0,TFCN_270H-1,L002,/bigdata/stajichlab/shared/projects/Rhodotorula/PopGen/Rhodotorula_mucilaginosa_DH4148_ref/input/9003_021_S49_R1_001.fastq.gz,/bigdata/stajichlab/shared/projects/Rhodotorula/PopGen/Rhodotorula_mucilaginosa_DH4148_ref/input/9003_021_S49_R2_001.fastq.gz
TFCN_270H-2,NA,0,TFCN_270H-2,L001,/bigdata/stajichlab/shared/projects/Rhodotorula/PopGen/Rhodotorula_mucilaginosa_DH4148_ref/input/270H-2_S91_L001_R1_001.fastq.gz,/bigdata/stajichlab/shared/projects/Rhodotorula/PopGen/Rhodotorula_mucilaginosa_DH4148_ref/input/270H-2_S91_L001_R2_001.fastq.gz
TFCN_273H-1,NA,0,TFCN_273H-1,L001,/bigdata/stajichlab/shared/projects/Rhodotorula/PopGen/Rhodotorula_mucilaginosa_DH4148_ref/input/ISQ0044564_S21_R1_001.fastq.gz,/bigdata/stajichlab/shared/projects/Rhodotorula/PopGen/Rhodotorula_mucilaginosa_DH4148_ref/input/ISQ0044564_S21_R2_001.fastq.gz
TFCN_2M-1-3,NA,0,TFCN_2M-1-3,L001,/bigdata/stajichlab/shared/projects/Rhodotorula/PopGen/Rhodotorula_mucilaginosa_DH4148_ref/input/9003_022_S50_R1_001.fastq.gz,/bigdata/stajichlab/shared/projects/Rhodotorula/PopGen/Rhodotorula_mucilaginosa_DH4148_ref/input/9003_022_S50_R2_001.fastq.gz
TFCN_2M-1-4,NA,0,TFCN_2M-1-4,L001,/bigdata/stajichlab/shared/projects/Rhodotorula/PopGen/Rhodotorula_mucilaginosa_DH4148_ref/input/2M-1-4_S92_L001_R1_001.fastq.gz,/bigdata/stajichlab/shared/projects/Rhodotorula/PopGen/Rhodotorula_mucilaginosa_DH4148_ref/input/2M-1-4_S92_L001_R2_001.fastq.gz
TFCN_33A-4,NA,0,TFCN_33A-4,L001,/bigdata/stajichlab/shared/projects/Rhodotorula/PopGen/Rhodotorula_mucilaginosa_DH4148_ref/input/ISQ0044566_S57_R1_001.fastq.gz,/bigdata/stajichlab/shared/projects/Rhodotorula/PopGen/Rhodotorula_mucilaginosa_DH4148_ref/input/ISQ0044566_S57_R2_001.fastq.gz
TFCN_340-1,NA,0,TFCN_340-1,L001,/bigdata/stajichlab/shared/projects/Rhodotorula/PopGen/Rhodotorula_mucilaginosa_DH4148_ref/input/ISQ0044567_S220_R1_001.fastq.gz,/bigdata/stajichlab/shared/projects/Rhodotorula/PopGen/Rhodotorula_mucilaginosa_DH4148_ref/input/ISQ0044567_S220_R2_001.fastq.gz
TFCN_340-3,NA,0,TFCN_340-3,L001,/bigdata/stajichlab/shared/projects/Rhodotorula/PopGen/Rhodotorula_mucilaginosa_DH4148_ref/input/340-3_S93_L001_R1_001.fastq.gz,/bigdata/stajichlab/shared/projects/Rhodotorula/PopGen/Rhodotorula_mucilaginosa_DH4148_ref/input/340-3_S93_L001_R2_001.fastq.gz
TFCN_342-3,NA,0,TFCN_342-3,L001,/bigdata/stajichlab/shared/projects/Rhodotorula/PopGen/Rhodotorula_mucilaginosa_DH4148_ref/input/342-3_S94_L001_R1_001.fastq.gz,/bigdata/stajichlab/shared/projects/Rhodotorula/PopGen/Rhodotorula_mucilaginosa_DH4148_ref/input/342-3_S94_L001_R2_001.fastq.gz
TFCN_363-1-2,NA,0,TFCN_363-1-2,L001,/bigdata/stajichlab/shared/projects/Rhodotorula/PopGen/Rhodotorula_mucilaginosa_DH4148_ref/input/363-1-2_S95_L001_R1_001.fastq.gz,/bigdata/stajichlab/shared/projects/Rhodotorula/PopGen/Rhodotorula_mucilaginosa_DH4148_ref/input/363-1-2_S95_L001_R2_001.fastq.gz
TFCN_3M-1-1,NA,0,TFCN_3M-1-1,L001,/bigdata/stajichlab/shared/projects/Rhodotorula/PopGen/Rhodotorula_mucilaginosa_DH4148_ref/input/ISQ0044569_S256_R1_001.fastq.gz,/bigdata/stajichlab/shared/projects/Rhodotorula/PopGen/Rhodotorula_mucilaginosa_DH4148_ref/input/ISQ0044569_S256_R2_001.fastq.gz
TFCN_404D-1,NA,0,TFCN_404D-1,L001,/bigdata/stajichlab/shared/projects/Rhodotorula/PopGen/Rhodotorula_mucilaginosa_DH4148_ref/input/404D-1_S96_L001_R1_001.fastq.gz,/bigdata/stajichlab/shared/projects/Rhodotorula/PopGen/Rhodotorula_mucilaginosa_DH4148_ref/input/404D-1_S96_L001_R2_001.fastq.gz
TFCN_4M-1-2,NA,0,TFCN_4M-1-2,L001,/bigdata/stajichlab/shared/projects/Rhodotorula/PopGen/Rhodotorula_mucilaginosa_DH4148_ref/input/4M-1-2_S102_L001_R1_001.fastq.gz,/bigdata/stajichlab/shared/projects/Rhodotorula/PopGen/Rhodotorula_mucilaginosa_DH4148_ref/input/4M-1-2_S102_L001_R2_001.fastq.gz
TFCN_4M-1-2,NA,0,TFCN_4M-1-2,L002,/bigdata/stajichlab/shared/projects/Rhodotorula/PopGen/Rhodotorula_mucilaginosa_DH4148_ref/input/23263Sta_4M-1-2_S184_L001_R1_001.fastq.gz,/bigdata/stajichlab/shared/projects/Rhodotorula/PopGen/Rhodotorula_mucilaginosa_DH4148_ref/input/23263Sta_4M-1-2_S184_L001_R2_001.fastq.gz
TFCN_4M-1-2,NA,0,TFCN_4M-1-2,L003,/bigdata/stajichlab/shared/projects/Rhodotorula/PopGen/Rhodotorula_mucilaginosa_DH4148_ref/input/23263Sta_4M-1-2_S184_L002_R1_001.fastq.gz,/bigdata/stajichlab/shared/projects/Rhodotorula/PopGen/Rhodotorula_mucilaginosa_DH4148_ref/input/23263Sta_4M-1-2_S184_L002_R2_001.fastq.gz
TFCN_4M-1-3,NA,0,TFCN_4M-1-3,L001,/bigdata/stajichlab/shared/projects/Rhodotorula/PopGen/Rhodotorula_mucilaginosa_DH4148_ref/input/ISQ0044572_S23_R1_001.fastq.gz,/bigdata/stajichlab/shared/projects/Rhodotorula/PopGen/Rhodotorula_mucilaginosa_DH4148_ref/input/ISQ0044572_S23_R2_001.fastq.gz
TFCN_4M-1-4,NA,0,TFCN_4M-1-4,L001,/bigdata/stajichlab/shared/projects/Rhodotorula/PopGen/Rhodotorula_mucilaginosa_DH4148_ref/input/4M-1-4_S103_L001_R1_001.fastq.gz,/bigdata/stajichlab/shared/projects/Rhodotorula/PopGen/Rhodotorula_mucilaginosa_DH4148_ref/input/4M-1-4_S103_L001_R2_001.fastq.gz
TFCN_4M-1-5,NA,0,TFCN_4M-1-5,L001,/bigdata/stajichlab/shared/projects/Rhodotorula/PopGen/Rhodotorula_mucilaginosa_DH4148_ref/input/ISQ0044574_S59_R1_001.fastq.gz,/bigdata/stajichlab/shared/projects/Rhodotorula/PopGen/Rhodotorula_mucilaginosa_DH4148_ref/input/ISQ0044574_S59_R2_001.fastq.gz
TFCN_54D-1,NA,0,TFCN_54D-1,L001,/bigdata/stajichlab/shared/projects/Rhodotorula/PopGen/Rhodotorula_mucilaginosa_DH4148_ref/input/ISQ0044604_S173_R1_001.fastq.gz,/bigdata/stajichlab/shared/projects/Rhodotorula/PopGen/Rhodotorula_mucilaginosa_DH4148_ref/input/ISQ0044604_S173_R2_001.fastq.gz
TFCN_54D-2,NA,0,TFCN_54D-2,L001,/bigdata/stajichlab/shared/projects/Rhodotorula/PopGen/Rhodotorula_mucilaginosa_DH4148_ref/input/54D-2_S104_L001_R1_001.fastq.gz,/bigdata/stajichlab/shared/projects/Rhodotorula/PopGen/Rhodotorula_mucilaginosa_DH4148_ref/input/54D-2_S104_L001_R2_001.fastq.gz
TFCN_54D-2,NA,0,TFCN_54D-2,L002,/bigdata/stajichlab/shared/projects/Rhodotorula/PopGen/Rhodotorula_mucilaginosa_DH4148_ref/input/23263Sta_54D-2_S164_L001_R1_001.fastq.gz,/bigdata/stajichlab/shared/projects/Rhodotorula/PopGen/Rhodotorula_mucilaginosa_DH4148_ref/input/23263Sta_54D-2_S164_L001_R2_001.fastq.gz
TFCN_54D-2,NA,0,TFCN_54D-2,L003,/bigdata/stajichlab/shared/projects/Rhodotorula/PopGen/Rhodotorula_mucilaginosa_DH4148_ref/input/23263Sta_54D-2_S164_L002_R1_001.fastq.gz,/bigdata/stajichlab/shared/projects/Rhodotorula/PopGen/Rhodotorula_mucilaginosa_DH4148_ref/input/23263Sta_54D-2_S164_L002_R2_001.fastq.gz
TFCN_7-6-3,NA,0,TFCN_7-6-3,L001,/bigdata/stajichlab/shared/projects/Rhodotorula/PopGen/Rhodotorula_mucilaginosa_DH4148_ref/input/9003_023_S51_R1_001.fastq.gz,/bigdata/stajichlab/shared/projects/Rhodotorula/PopGen/Rhodotorula_mucilaginosa_DH4148_ref/input/9003_023_S51_R2_001.fastq.gz
TFCN_86A-12,NA,0,TFCN_86A-12,L001,/bigdata/stajichlab/shared/projects/Rhodotorula/PopGen/Rhodotorula_mucilaginosa_DH4148_ref/input/86A-12_S108_L001_R1_001.fastq.gz,/bigdata/stajichlab/shared/projects/Rhodotorula/PopGen/Rhodotorula_mucilaginosa_DH4148_ref/input/86A-12_S108_L001_R2_001.fastq.gz
TFCN_86A-3,NA,0,TFCN_86A-3,L001,/bigdata/stajichlab/shared/projects/Rhodotorula/PopGen/Rhodotorula_mucilaginosa_DH4148_ref/input/ISQ0044608_S245_R1_001.fastq.gz,/bigdata/stajichlab/shared/projects/Rhodotorula/PopGen/Rhodotorula_mucilaginosa_DH4148_ref/input/ISQ0044608_S245_R2_001.fastq.gz
TFCN_86A-5,NA,0,TFCN_86A-5,L001,/bigdata/stajichlab/shared/projects/Rhodotorula/PopGen/Rhodotorula_mucilaginosa_DH4148_ref/input/9003_026_S54_R1_001.fastq.gz,/bigdata/stajichlab/shared/projects/Rhodotorula/PopGen/Rhodotorula_mucilaginosa_DH4148_ref/input/9003_026_S54_R2_001.fastq.gz
TFCN_86C-3,NA,0,TFCN_86C-3,L001,/bigdata/stajichlab/shared/projects/Rhodotorula/PopGen/Rhodotorula_mucilaginosa_DH4148_ref/input/9003_027_S55_R1_001.fastq.gz,/bigdata/stajichlab/shared/projects/Rhodotorula/PopGen/Rhodotorula_mucilaginosa_DH4148_ref/input/9003_027_S55_R2_001.fastq.gz
TFCN_89D-3,NA,0,TFCN_89D-3,L001,/bigdata/stajichlab/shared/projects/Rhodotorula/PopGen/Rhodotorula_mucilaginosa_DH4148_ref/input/89D-3_S111_L001_R1_001.fastq.gz,/bigdata/stajichlab/shared/projects/Rhodotorula/PopGen/Rhodotorula_mucilaginosa_DH4148_ref/input/89D-3_S111_L001_R2_001.fastq.gz
TFCN_98A-10,NA,0,TFCN_98A-10,L001,/bigdata/stajichlab/shared/projects/Rhodotorula/PopGen/Rhodotorula_mucilaginosa_DH4148_ref/input/ISQ0044576_S95_R1_001.fastq.gz,/bigdata/stajichlab/shared/projects/Rhodotorula/PopGen/Rhodotorula_mucilaginosa_DH4148_ref/input/ISQ0044576_S95_R2_001.fastq.gz
TFCN_98A-5,NA,0,TFCN_98A-5,L001,/bigdata/stajichlab/shared/projects/Rhodotorula/PopGen/Rhodotorula_mucilaginosa_DH4148_ref/input/23263Sta_98A-5_S150_L001_R1_001.fastq.gz,/bigdata/stajichlab/shared/projects/Rhodotorula/PopGen/Rhodotorula_mucilaginosa_DH4148_ref/input/23263Sta_98A-5_S150_L001_R2_001.fastq.gz
TFCN_98A-5,NA,0,TFCN_98A-5,L002,/bigdata/stajichlab/shared/projects/Rhodotorula/PopGen/Rhodotorula_mucilaginosa_DH4148_ref/input/23263Sta_98A-5_S150_L002_R1_001.fastq.gz,/bigdata/stajichlab/shared/projects/Rhodotorula/PopGen/Rhodotorula_mucilaginosa_DH4148_ref/input/23263Sta_98A-5_S150_L002_R2_001.fastq.gz
TFCN_98C-3,NA,0,TFCN_98C-3,L001,/bigdata/stajichlab/shared/projects/Rhodotorula/PopGen/Rhodotorula_mucilaginosa_DH4148_ref/input/98C-3_S112_L001_R1_001.fastq.gz,/bigdata/stajichlab/shared/projects/Rhodotorula/PopGen/Rhodotorula_mucilaginosa_DH4148_ref/input/98C-3_S112_L001_R2_001.fastq.gz
TFCN_98C-5,NA,0,TFCN_98C-5,L001,/bigdata/stajichlab/shared/projects/Rhodotorula/PopGen/Rhodotorula_mucilaginosa_DH4148_ref/input/ISQ0044578_S131_R1_001.fastq.gz,/bigdata/stajichlab/shared/projects/Rhodotorula/PopGen/Rhodotorula_mucilaginosa_DH4148_ref/input/ISQ0044578_S131_R2_001.fastq.gz
TFCN_98C-7,NA,0,TFCN_98C-7,L001,/bigdata/stajichlab/shared/projects/Rhodotorula/PopGen/Rhodotorula_mucilaginosa_DH4148_ref/input/98C-7_S113_L001_R1_001.fastq.gz,/bigdata/stajichlab/shared/projects/Rhodotorula/PopGen/Rhodotorula_mucilaginosa_DH4148_ref/input/98C-7_S113_L001_R2_001.fastq.gz
TFCN_98C-8,NA,0,TFCN_98C-8,L001,/bigdata/stajichlab/shared/projects/Rhodotorula/PopGen/Rhodotorula_mucilaginosa_DH4148_ref/input/ISQ0044580_S25_R1_001.fastq.gz,/bigdata/stajichlab/shared/projects/Rhodotorula/PopGen/Rhodotorula_mucilaginosa_DH4148_ref/input/ISQ0044580_S25_R2_001.fastq.gz
TFCN_98D-11,NA,0,TFCN_98D-11,L001,/bigdata/stajichlab/shared/projects/Rhodotorula/PopGen/Rhodotorula_mucilaginosa_DH4148_ref/input/98D-11_S114_L001_R1_001.fastq.gz,/bigdata/stajichlab/shared/projects/Rhodotorula/PopGen/Rhodotorula_mucilaginosa_DH4148_ref/input/98D-11_S114_L001_R2_001.fastq.gz
TFCN_98D-7,NA,0,TFCN_98D-7,L001,/bigdata/stajichlab/shared/projects/Rhodotorula/PopGen/Rhodotorula_mucilaginosa_DH4148_ref/input/ISQ0044582_S61_R1_001.fastq.gz,/bigdata/stajichlab/shared/projects/Rhodotorula/PopGen/Rhodotorula_mucilaginosa_DH4148_ref/input/ISQ0044582_S61_R2_001.fastq.gz
TFCN_98D-9,NA,0,TFCN_98D-9,L001,/bigdata/stajichlab/shared/projects/Rhodotorula/PopGen/Rhodotorula_mucilaginosa_DH4148_ref/input/98D-9_S115_L001_R1_001.fastq.gz,/bigdata/stajichlab/shared/projects/Rhodotorula/PopGen/Rhodotorula_mucilaginosa_DH4148_ref/input/98D-9_S115_L001_R2_001.fastq.gz
TFCN_25-0-2E333-9,NA,0,TFCN_25-0-2E333-9,L002,/bigdata/stajichlab/shared/projects/Rhodotorula/PopGen/Rhodotorula_mucilaginosa_DH4148_ref/input/9003_002_S30_R1_001.fastq.gz,/bigdata/stajichlab/shared/projects/Rhodotorula/PopGen/Rhodotorula_mucilaginosa_DH4148_ref/input/9003_002_S30_R2_001.fastq.gz
TFCN_25-0-2E333-9,NA,0,TFCN_25-0-2E333-9,L003,/bigdata/stajichlab/shared/projects/Rhodotorula/PopGen/Rhodotorula_mucilaginosa_DH4148_ref/input/9003_028_S56_R1_001.fastq.gz,/bigdata/stajichlab/shared/projects/Rhodotorula/PopGen/Rhodotorula_mucilaginosa_DH4148_ref/input/9003_028_S56_R2_001.fastq.gz
